year,county,status,raw_precinct_key,count,suggested_candidate_1,suggested_score,suggested_reason,local_candidate_1,local_candidate_2,local_candidate_3,local_candidate_4,local_candidate_5,approval,approved_canonical_precinct_key,source_reference,notes
2016,CABARRUS,ambiguous,CABARRUS - 01-06,12,CABARRUS - 01-07,0.6750,fuzzy,CABARRUS - 11-01,CABARRUS - 06-00,CABARRUS - 04-01,CABARRUS - 02-06,CABARRUS - 02-01,,,,
2016,CABARRUS,ambiguous,CABARRUS - 01-09,12,CABARRUS - 01-02,0.6750,fuzzy,CABARRUS - 12-09,CABARRUS - 11-01,CABARRUS - 09-00,CABARRUS - 04-09,CABARRUS - 04-01,,,,
2016,CABARRUS,ambiguous,CABARRUS - 04-02,12,CABARRUS - 04-01,0.6750,fuzzy,CABARRUS - 02-02,CABARRUS - 12-04,CABARRUS - 11-02,CABARRUS - 04-13,CABARRUS - 04-12,,,,
2016,CABARRUS,ambiguous,CABARRUS - 04-04,12,CABARRUS - 04-09,0.6750,fuzzy,CABARRUS - 12-04,CABARRUS - 04-13,CABARRUS - 04-12,CABARRUS - 04-11,CABARRUS - 04-09,,,,
2016,CABARRUS,ambiguous,CABARRUS - 04-05,12,CABARRUS - 04-09,0.6750,fuzzy,CABARRUS - 12-05,CABARRUS - 12-04,CABARRUS - 05-00,CABARRUS - 04-13,CABARRUS - 04-12,,,,
2016,CABARRUS,ambiguous,CABARRUS - 04-06,12,CABARRUS - 04-09,0.6750,fuzzy,CABARRUS - 12-04,CABARRUS - 06-00,CABARRUS - 04-13,CABARRUS - 04-12,CABARRUS - 04-11,,,,
2016,CABARRUS,ambiguous,CABARRUS - 04-07,12,CABARRUS - 02-07,0.6750,fuzzy,CABARRUS - 12-04,CABARRUS - 07-00,CABARRUS - 04-13,CABARRUS - 04-12,CABARRUS - 04-11,,,,
2016,CABARRUS,ambiguous,CABARRUS - 04-10,12,CABARRUS - 04-13,0.6750,fuzzy,CABARRUS - 12-04,CABARRUS - 10-00,CABARRUS - 04-13,CABARRUS - 04-12,CABARRUS - 04-11,,,,
2016,CABARRUS,ambiguous,CABARRUS - 12-01,12,CABARRUS - 12-03,0.6750,fuzzy,CABARRUS - 12-12,CABARRUS - 12-14,CABARRUS - 12-13,CABARRUS - 12-11,CABARRUS - 12-09,,,,
2016,CABARRUS,ambiguous,CABARRUS - 12-02,12,CABARRUS - 12-03,0.6750,fuzzy,CABARRUS - 12-12,CABARRUS - 02-02,CABARRUS - 12-14,CABARRUS - 12-13,CABARRUS - 12-11,,,,
2016,CABARRUS,ambiguous,CABARRUS - 12-06,12,CABARRUS - 12-03,0.6750,fuzzy,CABARRUS - 12-12,CABARRUS - 12-14,CABARRUS - 12-13,CABARRUS - 12-11,CABARRUS - 12-09,,,,
2016,CABARRUS,ambiguous,CABARRUS - 12-07,12,CABARRUS - 01-07,0.6750,fuzzy,CABARRUS - 12-12,CABARRUS - 12-14,CABARRUS - 12-13,CABARRUS - 12-11,CABARRUS - 12-09,,,,
2016,CABARRUS,ambiguous,CABARRUS - 12-10,12,CABARRUS - 12-14,0.6750,fuzzy,CABARRUS - 12-12,CABARRUS - 12-14,CABARRUS - 12-13,CABARRUS - 12-11,CABARRUS - 12-09,,,,
2016,CALDWELL,ambiguous,CALDWELL - PR08,12,CALDWELL - 3,0.1286,fuzzy,CALDWELL - 8,CALDWELL - 9,CALDWELL - 7,CALDWELL - 6,CALDWELL - 5,,,,
2016,CALDWELL,unmatched,CALDWELL - PR16,12,,0.0000,none,CALDWELL - 6,CALDWELL - 1,CALDWELL - 9,CALDWELL - 8,CALDWELL - 7,,,,
2016,CALDWELL,unmatched,CALDWELL - PR17,12,,0.0000,none,CALDWELL - 7,CALDWELL - 1,CALDWELL - 9,CALDWELL - 8,CALDWELL - 6,,,,
2016,CALDWELL,unmatched,CALDWELL - PR18,12,,0.0000,none,CALDWELL - 8,CALDWELL - 1,CALDWELL - 9,CALDWELL - 7,CALDWELL - 6,,,,
2016,CALDWELL,unmatched,CALDWELL - PR21,12,,0.0000,none,CALDWELL - 2,CALDWELL - 1,CALDWELL - 9,CALDWELL - 8,CALDWELL - 7,,,,
2016,CALDWELL,unmatched,CALDWELL - PR22,12,,0.0000,none,CALDWELL - 2,CALDWELL - 9,CALDWELL - 8,CALDWELL - 7,CALDWELL - 6,,,,
2016,CALDWELL,unmatched,CALDWELL - PR24,12,,0.0000,none,CALDWELL - 4,CALDWELL - 2,CALDWELL - 9,CALDWELL - 8,CALDWELL - 7,,,,
2016,CALDWELL,unmatched,CALDWELL - PR25,12,,0.0000,none,CALDWELL - 5,CALDWELL - 2,CALDWELL - 9,CALDWELL - 8,CALDWELL - 7,,,,
2016,CALDWELL,unmatched,CALDWELL - PR29,12,,0.0000,none,CALDWELL - 9,CALDWELL - 2,CALDWELL - 8,CALDWELL - 7,CALDWELL - 6,,,,
2016,CALDWELL,unmatched,CALDWELL - PR30,12,,0.0000,none,CALDWELL - 3,CALDWELL - 9,CALDWELL - 8,CALDWELL - 7,CALDWELL - 6,,,,
2016,CALDWELL,unmatched,CALDWELL - PR31,12,,0.0000,none,CALDWELL - 3,CALDWELL - 1,CALDWELL - 9,CALDWELL - 8,CALDWELL - 7,,,,
2016,CALDWELL,unmatched,CALDWELL - PR32,12,,0.0000,none,CALDWELL - 3,CALDWELL - 2,CALDWELL - 9,CALDWELL - 8,CALDWELL - 7,,,,
2016,CALDWELL,unmatched,CALDWELL - PR33,12,,0.0000,none,CALDWELL - 3,CALDWELL - 9,CALDWELL - 8,CALDWELL - 7,CALDWELL - 6,,,,
2016,CALDWELL,unmatched,CALDWELL - PR34,12,,0.0000,none,CALDWELL - 4,CALDWELL - 3,CALDWELL - 9,CALDWELL - 8,CALDWELL - 7,,,,
2016,CALDWELL,unmatched,CALDWELL - PR35,12,,0.0000,none,CALDWELL - 5,CALDWELL - 3,CALDWELL - 9,CALDWELL - 8,CALDWELL - 7,,,,
2016,COLUMBUS,unmatched,COLUMBUS - P03,12,,0.0000,none,COLUMBUS - P89,COLUMBUS - P82,COLUMBUS - P513,COLUMBUS - P34,COLUMBUS - P26B,,,,
2016,COLUMBUS,unmatched,COLUMBUS - P04,12,,0.0000,none,COLUMBUS - P89,COLUMBUS - P82,COLUMBUS - P513,COLUMBUS - P34,COLUMBUS - P26B,,,,
2016,COLUMBUS,unmatched,COLUMBUS - P05,12,,0.0000,none,COLUMBUS - P89,COLUMBUS - P82,COLUMBUS - P513,COLUMBUS - P34,COLUMBUS - P26B,,,,
2016,COLUMBUS,unmatched,COLUMBUS - P08,12,,0.0000,none,COLUMBUS - P89,COLUMBUS - P82,COLUMBUS - P513,COLUMBUS - P34,COLUMBUS - P26B,,,,
2016,COLUMBUS,unmatched,COLUMBUS - P09,12,,0.0000,none,COLUMBUS - P89,COLUMBUS - P82,COLUMBUS - P513,COLUMBUS - P34,COLUMBUS - P26B,,,,
2016,COLUMBUS,unmatched,COLUMBUS - P10,12,,0.0000,none,COLUMBUS - P89,COLUMBUS - P82,COLUMBUS - P513,COLUMBUS - P34,COLUMBUS - P26B,,,,
2016,COLUMBUS,unmatched,COLUMBUS - P12,12,,0.0000,none,COLUMBUS - P89,COLUMBUS - P82,COLUMBUS - P513,COLUMBUS - P34,COLUMBUS - P26B,,,,
2016,COLUMBUS,unmatched,COLUMBUS - P13,12,,0.0000,none,COLUMBUS - P89,COLUMBUS - P82,COLUMBUS - P513,COLUMBUS - P34,COLUMBUS - P26B,,,,
2016,COLUMBUS,unmatched,COLUMBUS - P18,12,,0.0000,none,COLUMBUS - P89,COLUMBUS - P82,COLUMBUS - P513,COLUMBUS - P34,COLUMBUS - P26B,,,,
2016,COLUMBUS,unmatched,COLUMBUS - P21,12,,0.0000,none,COLUMBUS - P89,COLUMBUS - P82,COLUMBUS - P513,COLUMBUS - P34,COLUMBUS - P26B,,,,
2016,CRAVEN,unmatched,CRAVEN - 04,12,,0.0000,none,CRAVEN - VE14,CRAVEN - TE13,CRAVEN - N6,CRAVEN - N4,CRAVEN - N3N5,,,,
2016,CRAVEN,unmatched,CRAVEN - 06,12,,0.0000,none,CRAVEN - VE14,CRAVEN - TE13,CRAVEN - N6,CRAVEN - N4,CRAVEN - N3N5,,,,
2016,CRAVEN,unmatched,CRAVEN - 08,12,,0.0000,none,CRAVEN - VE14,CRAVEN - TE13,CRAVEN - N6,CRAVEN - N4,CRAVEN - N3N5,,,,
2016,CRAVEN,unmatched,CRAVEN - 09,12,,0.0000,none,CRAVEN - VE14,CRAVEN - TE13,CRAVEN - N6,CRAVEN - N4,CRAVEN - N3N5,,,,
2016,CRAVEN,unmatched,CRAVEN - 10,12,,0.0000,none,CRAVEN - VE14,CRAVEN - TE13,CRAVEN - N6,CRAVEN - N4,CRAVEN - N3N5,,,,
2016,CRAVEN,unmatched,CRAVEN - 12,12,,0.0000,none,CRAVEN - VE14,CRAVEN - TE13,CRAVEN - N6,CRAVEN - N4,CRAVEN - N3N5,,,,
2016,CRAVEN,unmatched,CRAVEN - 13,12,,0.0000,none,CRAVEN - TE13,CRAVEN - VE14,CRAVEN - N6,CRAVEN - N4,CRAVEN - N3N5,,,,
2016,CRAVEN,unmatched,CRAVEN - 14,12,,0.0000,none,CRAVEN - VE14,CRAVEN - TE13,CRAVEN - N6,CRAVEN - N4,CRAVEN - N3N5,,,,
2016,CRAVEN,unmatched,CRAVEN - 15,12,,0.0000,none,CRAVEN - VE14,CRAVEN - TE13,CRAVEN - N6,CRAVEN - N4,CRAVEN - N3N5,,,,
2016,CRAVEN,unmatched,CRAVEN - N3,12,,0.0000,none,CRAVEN - N3N5,CRAVEN - VE14,CRAVEN - TE13,CRAVEN - N6,CRAVEN - N4,,,,
2016,CRAVEN,unmatched,CRAVEN - N5,12,,0.0000,none,CRAVEN - N3N5,CRAVEN - VE14,CRAVEN - TE13,CRAVEN - N6,CRAVEN - N4,,,,
2016,FORSYTH,unmatched,FORSYTH - 011,12,,0.0000,none,FORSYTH - 124,FORSYTH - 085,FORSYTH - 077,FORSYTH - 076,FORSYTH - 017,,,,
2016,FORSYTH,unmatched,FORSYTH - 072,12,,0.0000,none,FORSYTH - 124,FORSYTH - 085,FORSYTH - 077,FORSYTH - 076,FORSYTH - 017,,,,
2016,FORSYTH,unmatched,FORSYTH - 082,12,,0.0000,none,FORSYTH - 124,FORSYTH - 085,FORSYTH - 077,FORSYTH - 076,FORSYTH - 017,,,,
2016,FORSYTH,unmatched,FORSYTH - 122,12,,0.0000,none,FORSYTH - 124,FORSYTH - 085,FORSYTH - 077,FORSYTH - 076,FORSYTH - 017,,,,
2016,FORSYTH,unmatched,FORSYTH - 201,12,,0.0000,none,FORSYTH - 124,FORSYTH - 085,FORSYTH - 077,FORSYTH - 076,FORSYTH - 017,,,,
2016,FORSYTH,unmatched,FORSYTH - 507,12,,0.0000,none,FORSYTH - 124,FORSYTH - 085,FORSYTH - 077,FORSYTH - 076,FORSYTH - 017,,,,
2016,FORSYTH,unmatched,FORSYTH - ABS/PROV/CURB 1,12,,0.0000,none,FORSYTH - 124,FORSYTH - 085,FORSYTH - 077,FORSYTH - 076,FORSYTH - 017,,,,
2016,FORSYTH,unmatched,FORSYTH - ABS/PROV/CURB 2,12,,0.0000,none,FORSYTH - 124,FORSYTH - 085,FORSYTH - 077,FORSYTH - 076,FORSYTH - 017,,,,
2016,FORSYTH,unmatched,FORSYTH - ABS/PROV/CURB 3,12,,0.0000,none,FORSYTH - 124,FORSYTH - 085,FORSYTH - 077,FORSYTH - 076,FORSYTH - 017,,,,
2016,FORSYTH,unmatched,FORSYTH - ABS/PROV/CURB 4,12,,0.0000,none,FORSYTH - 124,FORSYTH - 085,FORSYTH - 077,FORSYTH - 076,FORSYTH - 017,,,,
2016,NORTHAMPTON,unmatched,NORTHAMPTON - CONWAY,12,,0.0000,none,NORTHAMPTON - COMIPE,,,,,,,,
2016,NORTHAMPTON,unmatched,NORTHAMPTON - GARYSB,12,,0.0000,none,NORTHAMPTON - GAPL,,,,,,,,
2016,NORTHAMPTON,unmatched,NORTHAMPTON - JACKSO,12,,0.0000,none,NORTHAMPTON - JARE,,,,,,,,
2016,NORTHAMPTON,unmatched,NORTHAMPTON - MILWAU,12,,0.0000,none,NORTHAMPTON - COMIPE,,,,,,,,
2016,NORTHAMPTON,unmatched,NORTHAMPTON - PENDLE,12,,0.0000,none,NORTHAMPTON - COMIPE,,,,,,,,
2016,NORTHAMPTON,unmatched,NORTHAMPTON - PLEASA,12,,0.0000,none,NORTHAMPTON - GAPL,,,,,,,,
2016,NORTHAMPTON,unmatched,NORTHAMPTON - POTECA,12,,0.0000,none,NORTHAMPTON - WOPO,,,,,,,,
2016,NORTHAMPTON,unmatched,NORTHAMPTON - REHOBE,12,,0.0000,none,,,,,,,,,
2016,NORTHAMPTON,unmatched,NORTHAMPTON - WOODLA,12,,0.0000,none,NORTHAMPTON - WOPO,,,,,,,,
2016,ORANGE,unmatched,ORANGE - BC,12,,0.0000,none,,,,,,,,,
2016,ORANGE,unmatched,ORANGE - BP,12,,0.0000,none,,,,,,,,,
2016,ORANGE,unmatched,ORANGE - CB,12,,0.0000,none,ORANGE - CB1,,,,,,,,
2016,ORANGE,unmatched,ORANGE - CP,12,,0.0000,none,,,,,,,,,
2016,ORANGE,unmatched,ORANGE - GR,12,,0.0000,none,ORANGE - OG,ORANGE - GB,ORANGE - CG,,,,,,
2016,ORANGE,unmatched,ORANGE - LC,12,,0.0000,none,,,,,,,,,
2016,ORANGE,unmatched,ORANGE - LI,12,,0.0000,none,ORANGE - EA1,,,,,,,,
2016,ORANGE,unmatched,ORANGE - MF,12,,0.0000,none,,,,,,,,,
2016,PAMLICO,unmatched,PAMLICO - 1AL A,12,,0.0000,none,PAMLICO - 1RB,PAMLICO - 1CR,PAMLICO - 5AP,PAMLICO - 4BR,PAMLICO - 3CH,,,,
2016,PAMLICO,unmatched,PAMLICO - 1GB,12,,0.0000,none,PAMLICO - 1RB,PAMLICO - 1CR,PAMLICO - 5AP,PAMLICO - 4BR,PAMLICO - 3CH,,,,
2016,PAMLICO,unmatched,PAMLICO - 2SW,12,,0.0000,none,PAMLICO - 2OT,PAMLICO - 5AP,PAMLICO - 4BR,PAMLICO - 3CH,PAMLICO - 1RB,,,,
2016,PAMLICO,unmatched,PAMLICO - 3BY,12,,0.0000,none,PAMLICO - 3CH,PAMLICO - 5AP,PAMLICO - 4BR,PAMLICO - 2OT,PAMLICO - 1RB,,,,
2016,PAMLICO,unmatched,PAMLICO - 4HB,12,,0.0000,none,PAMLICO - 4BR,PAMLICO - 5AP,PAMLICO - 3CH,PAMLICO - 2OT,PAMLICO - 1RB,,,,
2016,PAMLICO,unmatched,PAMLICO - 4MSIC,12,,0.0000,none,PAMLICO - 4BR,PAMLICO - 5AP,PAMLICO - 3CH,PAMLICO - 2OT,PAMLICO - 1RB,,,,
2016,PAMLICO,unmatched,PAMLICO - 4VM A,12,,0.0000,none,PAMLICO - 4BR,PAMLICO - 5AP,PAMLICO - 3CH,PAMLICO - 2OT,PAMLICO - 1RB,,,,
2016,SURRY,unmatched,SURRY - 02,12,,0.0000,none,SURRY - 34,SURRY - 32,SURRY - 30,SURRY - 29,SURRY - 28,,,,
2016,SURRY,unmatched,SURRY - 03,12,,0.0000,none,SURRY - 34,SURRY - 32,SURRY - 30,SURRY - 29,SURRY - 28,,,,
2016,SURRY,unmatched,SURRY - 06,12,,0.0000,none,SURRY - 34,SURRY - 32,SURRY - 30,SURRY - 29,SURRY - 28,,,,
2016,SURRY,unmatched,SURRY - 07,12,,0.0000,none,SURRY - 34,SURRY - 32,SURRY - 30,SURRY - 29,SURRY - 28,,,,
2016,SURRY,unmatched,SURRY - 08,12,,0.0000,none,SURRY - 34,SURRY - 32,SURRY - 30,SURRY - 29,SURRY - 28,,,,
2016,SURRY,unmatched,SURRY - 13,12,,0.0000,none,SURRY - 34,SURRY - 32,SURRY - 30,SURRY - 29,SURRY - 28,,,,
2016,SURRY,unmatched,SURRY - 14,12,,0.0000,none,SURRY - 34,SURRY - 32,SURRY - 30,SURRY - 29,SURRY - 28,,,,
2016,SURRY,unmatched,SURRY - 20,12,,0.0000,none,SURRY - 34,SURRY - 32,SURRY - 30,SURRY - 29,SURRY - 28,,,,
2016,SURRY,unmatched,SURRY - 21,12,,0.0000,none,SURRY - 34,SURRY - 32,SURRY - 30,SURRY - 29,SURRY - 28,,,,
2016,SURRY,unmatched,SURRY - 33,12,,0.0000,none,SURRY - 34,SURRY - 32,SURRY - 30,SURRY - 29,SURRY - 28,,,,
2016,WAKE,unmatched,WAKE - ABSEN 81-91,12,,0.0000,none,WAKE - 20-17,WAKE - 20-16,WAKE - 20-15,WAKE - 20-14,WAKE - 20-12,,,,
2016,WAKE,unmatched,WAKE - OSAB 81-91,12,,0.0000,none,WAKE - 20-17,WAKE - 20-16,WAKE - 20-15,WAKE - 20-14,WAKE - 20-12,,,,
2016,WAKE,unmatched,WAKE - OSAP 81-91,12,,0.0000,none,WAKE - 20-17,WAKE - 20-16,WAKE - 20-15,WAKE - 20-14,WAKE - 20-12,,,,
2016,WAKE,unmatched,WAKE - OSAV 81-91,12,,0.0000,none,WAKE - 20-17,WAKE - 20-16,WAKE - 20-15,WAKE - 20-14,WAKE - 20-12,,,,
2016,WAKE,unmatched,WAKE - OSCA 81-91,12,,0.0000,none,WAKE - 20-17,WAKE - 20-16,WAKE - 20-15,WAKE - 20-14,WAKE - 20-12,,,,
2016,WAKE,unmatched,WAKE - OSCB 81-91,12,,0.0000,none,WAKE - 20-17,WAKE - 20-16,WAKE - 20-15,WAKE - 20-14,WAKE - 20-12,,,,
2016,WAKE,unmatched,WAKE - OSCH 81-91,12,,0.0000,none,WAKE - 20-17,WAKE - 20-16,WAKE - 20-15,WAKE - 20-14,WAKE - 20-12,,,,
2016,WAKE,unmatched,WAKE - OSFB 81-91,12,,0.0000,none,WAKE - 20-17,WAKE - 20-16,WAKE - 20-15,WAKE - 20-14,WAKE - 20-12,,,,
2016,WAKE,unmatched,WAKE - OSFV 81-91,12,,0.0000,none,WAKE - 20-17,WAKE - 20-16,WAKE - 20-15,WAKE - 20-14,WAKE - 20-12,,,,
2016,WAKE,unmatched,WAKE - OSGR 81-91,12,,0.0000,none,WAKE - 20-17,WAKE - 20-16,WAKE - 20-15,WAKE - 20-14,WAKE - 20-12,,,,
2016,WAKE,unmatched,WAKE - OSHS 81-91,12,,0.0000,none,WAKE - 20-17,WAKE - 20-16,WAKE - 20-15,WAKE - 20-14,WAKE - 20-12,,,,
2016,WAKE,unmatched,WAKE - OSKD 81-91,12,,0.0000,none,WAKE - 20-17,WAKE - 20-16,WAKE - 20-15,WAKE - 20-14,WAKE - 20-12,,,,
2016,WAKE,unmatched,WAKE - OSLL 81-91,12,,0.0000,none,WAKE - 20-17,WAKE - 20-16,WAKE - 20-15,WAKE - 20-14,WAKE - 20-12,,,,
2016,WAKE,unmatched,WAKE - OSLOB 81-91,12,,0.0000,none,WAKE - 20-17,WAKE - 20-16,WAKE - 20-15,WAKE - 20-14,WAKE - 20-12,,,,
2016,WAKE,unmatched,WAKE - OSNB 81-91,12,,0.0000,none,WAKE - 20-17,WAKE - 20-16,WAKE - 20-15,WAKE - 20-14,WAKE - 20-12,,,,
2016,WAKE,unmatched,WAKE - OSNR 81-91,12,,0.0000,none,WAKE - 20-17,WAKE - 20-16,WAKE - 20-15,WAKE - 20-14,WAKE - 20-12,,,,
2016,WAKE,unmatched,WAKE - OSOP 81-91,12,,0.0000,none,WAKE - 20-17,WAKE - 20-16,WAKE - 20-15,WAKE - 20-14,WAKE - 20-12,,,,
2016,WAKE,unmatched,WAKE - OSTC 81-91,12,,0.0000,none,WAKE - 20-17,WAKE - 20-16,WAKE - 20-15,WAKE - 20-14,WAKE - 20-12,,,,
2016,WAKE,unmatched,WAKE - OSWA 81-91,12,,0.0000,none,WAKE - 20-17,WAKE - 20-16,WAKE - 20-15,WAKE - 20-14,WAKE - 20-12,,,,
2016,WAKE,unmatched,WAKE - OSWD 81-91,12,,0.0000,none,WAKE - 20-17,WAKE - 20-16,WAKE - 20-15,WAKE - 20-14,WAKE - 20-12,,,,
2016,WAKE,unmatched,WAKE - OSZB 81-91,12,,0.0000,none,WAKE - 20-17,WAKE - 20-16,WAKE - 20-15,WAKE - 20-14,WAKE - 20-12,,,,
2016,WAKE,unmatched,WAKE - PROVI 81-91,12,,0.0000,none,WAKE - 20-17,WAKE - 20-16,WAKE - 20-15,WAKE - 20-14,WAKE - 20-12,,,,
2016,WAKE,unmatched,WAKE - TRANS 81-91,12,,0.0000,none,WAKE - 20-17,WAKE - 20-16,WAKE - 20-15,WAKE - 20-14,WAKE - 20-12,,,,
