file,year,scope,contest_type,district,agg_dem,agg_rep,snap_dem,snap_rep,agg_margin_pct,snap_margin_pct,delta_margin_pp,in_agg_only,in_snap_only,snapshot_untrusted
congressional_president_2020.json,2020,congressional,president,1,207802,179279,207806,179282,-7.29,-7.29,0.0,False,False,False
congressional_president_2020.json,2020,congressional,president,2,268298,146933,266465,145929,-28.67,-28.67,0.0,False,False,False
congressional_president_2020.json,2020,congressional,president,3,134486,227549,134484,227546,25.32,25.32,0.0,False,False,False
congressional_president_2020.json,2020,congressional,president,4,270356,128690,270363,128683,-34.99,-34.99,0.0,False,False,False
congressional_president_2020.json,2020,congressional,president,5,156861,243015,158429,245443,21.25,21.25,0.0,False,False,False
congressional_president_2020.json,2020,congressional,president,6,217782,169203,215166,167171,-12.38,-12.38,0.0,False,False,False
congressional_president_2020.json,2020,congressional,president,7,175543,227507,174735,226459,12.72,12.72,0.0,False,False,False
congressional_president_2020.json,2020,congressional,president,8,128681,264006,128560,263758,34.01,34.01,0.0,False,False,False
congressional_president_2020.json,2020,congressional,president,9,160706,188964,157454,185140,7.96,7.96,0.0,False,False,False
congressional_president_2020.json,2020,congressional,president,10,117438,273732,117214,273209,39.46,39.46,0.0,False,False,False
congressional_president_2020.json,2020,congressional,president,11,192282,236400,192282,236401,10.13,10.13,0.0,False,False,False
congressional_president_2020.json,2020,congressional,president,12,239352,127211,239359,127206,-30.1,-30.1,0.0,False,False,False
congressional_president_2020.json,2020,congressional,president,13,196495,189849,202662,195808,-1.69,-1.69,0.0,False,False,False
congressional_president_2020.json,2020,congressional,president,14,218481,156129,219293,156714,-16.36,-16.36,0.0,False,False,False
state_house_president_2020.json,2020,state_house,president,1,18057,29857,18057,29857,24.31,24.31,0.0,False,False,False
state_house_president_2020.json,2020,state_house,president,2,28275,22797,29777,24008,-10.59,-10.59,0.0,False,False,False
state_house_president_2020.json,2020,state_house,president,3,18584,27370,18584,27370,18.82,18.82,0.0,False,False,False
state_house_president_2020.json,2020,state_house,president,4,15667,23942,15667,23942,20.72,20.72,0.0,False,False,False
state_house_president_2020.json,2020,state_house,president,5,21010,20925,21013,20928,-0.2,-0.2,0.0,False,False,False
state_house_president_2020.json,2020,state_house,president,6,13152,17708,9246,12449,14.45,14.45,0.0,False,False,False
state_house_president_2020.json,2020,state_house,president,7,19982,27256,19982,27256,15.17,15.17,0.0,False,False,False
state_house_president_2020.json,2020,state_house,president,8,26776,19424,26775,19424,-15.67,-15.67,0.0,False,False,False
state_house_president_2020.json,2020,state_house,president,9,20774,19258,20775,19258,-3.73,-3.73,0.0,False,False,False
state_house_president_2020.json,2020,state_house,president,10,17208,20672,17208,20671,9.04,9.04,0.0,False,False,False
state_house_president_2020.json,2020,state_house,president,11,30451,14341,33281,15673,-35.13,-35.13,0.0,False,False,False
state_house_president_2020.json,2020,state_house,president,12,19636,22744,19636,22744,7.28,7.28,0.0,False,False,False
state_house_president_2020.json,2020,state_house,president,13,14661,33690,14661,33691,38.77,38.78,-0.00999999999999801,False,False,False
state_house_president_2020.json,2020,state_house,president,14,8662,14797,8662,14797,25.39,25.39,0.0,False,False,False
state_house_president_2020.json,2020,state_house,president,15,12713,22763,12713,22763,27.62,27.62,0.0,False,False,False
state_house_president_2020.json,2020,state_house,president,16,14610,30476,14610,30476,34.6,34.6,0.0,False,False,False
state_house_president_2020.json,2020,state_house,president,17,21862,34686,22236,35280,22.42,22.42,0.0,False,False,False
state_house_president_2020.json,2020,state_house,president,18,28183,22704,30304,24412,-10.57,-10.57,0.0,False,False,False
state_house_president_2020.json,2020,state_house,president,19,22487,35288,23600,37034,21.87,21.87,0.0,False,False,False
state_house_president_2020.json,2020,state_house,president,20,27056,26354,23190,22589,-1.29,-1.29,0.0,False,False,False
state_house_president_2020.json,2020,state_house,president,21,21943,10163,16736,7751,-36.13,-36.13,0.0,False,False,False
state_house_president_2020.json,2020,state_house,president,22,18294,27091,18291,27086,19.23,19.23,0.0,False,False,False
state_house_president_2020.json,2020,state_house,president,23,27938,19553,27939,19554,-17.53,-17.53,0.0,False,False,False
state_house_president_2020.json,2020,state_house,president,24,21422,21066,21422,21065,-0.83,-0.83,0.0,False,False,False
state_house_president_2020.json,2020,state_house,president,25,25282,24340,25282,24340,-1.88,-1.88,0.0,False,False,False
state_house_president_2020.json,2020,state_house,president,26,18869,25466,18871,25467,14.62,14.62,0.0,False,False,False
state_house_president_2020.json,2020,state_house,president,27,28010,17820,28010,17819,-22.08,-22.08,0.0,False,False,False
state_house_president_2020.json,2020,state_house,president,28,14927,30946,14928,30948,34.48,34.48,0.0,False,False,False
state_house_president_2020.json,2020,state_house,president,29,40868,7110,30265,5266,-69.22,-69.22,0.0,False,False,False
state_house_president_2020.json,2020,state_house,president,30,43839,6744,50189,7721,-72.27,-72.27,0.0,False,False,False
state_house_president_2020.json,2020,state_house,president,31,39897,9272,41868,9730,-61.27,-61.27,0.0,False,False,False
state_house_president_2020.json,2020,state_house,president,32,22896,18680,22896,18680,-10.04,-10.04,0.0,False,False,False
state_house_president_2020.json,2020,state_house,president,33,30699,18219,33322,19775,-25.01,-25.01,0.0,False,False,False
state_house_president_2020.json,2020,state_house,president,34,41245,23190,43919,24693,-27.46,-27.46,0.0,False,False,False
state_house_president_2020.json,2020,state_house,president,35,24033,21729,21496,19435,-4.93,-4.93,0.0,False,False,False
state_house_president_2020.json,2020,state_house,president,36,25636,18085,22704,16017,-16.91,-16.91,0.0,False,False,False
state_house_president_2020.json,2020,state_house,president,37,19924,21102,17784,18835,2.81,2.81,0.0,False,False,False
state_house_president_2020.json,2020,state_house,president,38,46422,7922,50003,8533,-69.69,-69.69,0.0,False,False,False
state_house_president_2020.json,2020,state_house,president,39,27941,17527,23332,14636,-22.53,-22.53,0.0,False,False,False
state_house_president_2020.json,2020,state_house,president,40,32344,24342,34730,26137,-13.85,-13.85,0.0,False,False,False
state_house_president_2020.json,2020,state_house,president,41,32824,17524,35547,18978,-29.78,-29.78,0.0,False,False,False
state_house_president_2020.json,2020,state_house,president,42,19747,8152,19298,7966,-40.67,-40.67,0.0,False,False,False
state_house_president_2020.json,2020,state_house,president,43,20326,21660,18141,19332,3.13,3.13,0.0,False,False,False
state_house_president_2020.json,2020,state_house,president,44,23497,14443,25086,15419,-23.41,-23.41,0.0,False,False,False
state_house_president_2020.json,2020,state_house,president,45,20898,15780,22362,16885,-13.71,-13.71,0.0,False,False,False
state_house_president_2020.json,2020,state_house,president,46,14088,25878,14089,25876,29.3,29.29,0.010000000000001563,False,False,False
state_house_president_2020.json,2020,state_house,president,47,14378,18759,14378,18759,13.12,13.12,0.0,False,False,False
state_house_president_2020.json,2020,state_house,president,48,18990,16925,18990,16925,-5.67,-5.67,0.0,False,False,False
state_house_president_2020.json,2020,state_house,president,49,33657,14650,36564,15915,-38.52,-38.52,0.0,False,False,False
state_house_president_2020.json,2020,state_house,president,50,32704,24467,33631,25161,-14.23,-14.23,0.0,False,False,False
state_house_president_2020.json,2020,state_house,president,51,14270,22444,14270,22444,21.96,21.96,0.0,False,False,False
state_house_president_2020.json,2020,state_house,president,52,18545,25180,18546,25182,14.98,14.98,0.0,False,False,False
state_house_president_2020.json,2020,state_house,president,53,15912,29953,19102,35958,30.15,30.15,0.0,False,False,False
state_house_president_2020.json,2020,state_house,president,54,27824,23857,17280,14816,-7.58,-7.58,0.0,False,False,False
state_house_president_2020.json,2020,state_house,president,55,16227,24159,18273,27204,19.41,19.41,0.0,False,False,False
state_house_president_2020.json,2020,state_house,president,56,33701,4864,32286,4660,-73.64,-73.64,0.0,False,False,False
state_house_president_2020.json,2020,state_house,president,57,28602,19980,28602,19979,-17.47,-17.47,0.0,False,False,False
state_house_president_2020.json,2020,state_house,president,58,33664,12880,33663,12880,-44.07,-44.07,0.0,False,False,False
state_house_president_2020.json,2020,state_house,president,59,23698,23208,23698,23208,-1.03,-1.03,0.0,False,False,False
state_house_president_2020.json,2020,state_house,president,60,26652,16187,26653,16187,-24.07,-24.07,0.0,False,False,False
state_house_president_2020.json,2020,state_house,president,61,39263,9184,39263,9183,-61.16,-61.16,0.0,False,False,False
state_house_president_2020.json,2020,state_house,president,62,24264,22807,24264,22806,-3.05,-3.05,0.0,False,False,False
state_house_president_2020.json,2020,state_house,president,63,20385,19002,21770,20293,-3.46,-3.46,0.0,False,False,False
state_house_president_2020.json,2020,state_house,president,64,18442,27052,17356,25458,18.67,18.67,0.0,False,False,False
state_house_president_2020.json,2020,state_house,president,65,15992,31300,15992,31301,32.02,32.02,0.0,False,False,False
state_house_president_2020.json,2020,state_house,president,66,30975,12634,44877,18303,-41.29,-41.29,0.0,False,False,False
state_house_president_2020.json,2020,state_house,president,67,12455,33870,12455,33870,45.77,45.77,0.0,False,False,False
state_house_president_2020.json,2020,state_house,president,68,20681,29962,18067,26175,18.04,18.04,0.0,False,False,False
state_house_president_2020.json,2020,state_house,president,69,17608,31583,18085,32439,28.01,28.01,0.0,False,False,False
state_house_president_2020.json,2020,state_house,president,70,10148,33423,10148,33423,52.82,52.82,0.0,False,False,False
state_house_president_2020.json,2020,state_house,president,71,27839,10972,28425,11203,-42.75,-42.75,0.0,False,False,False
state_house_president_2020.json,2020,state_house,president,72,30345,9066,32624,9746,-53.12,-53.12,0.0,False,False,False
state_house_president_2020.json,2020,state_house,president,73,21412,19530,21412,19530,-4.52,-4.52,0.0,False,False,False
state_house_president_2020.json,2020,state_house,president,74,26061,26847,24083,24809,1.46,1.46,0.0,False,False,False
state_house_president_2020.json,2020,state_house,president,75,19945,24700,17415,21566,10.49,10.49,0.0,False,False,False
state_house_president_2020.json,2020,state_house,president,76,16535,26944,16534,26944,23.62,23.62,0.0,False,False,False
state_house_president_2020.json,2020,state_house,president,77,11972,38628,11972,38628,51.99,51.99,0.0,False,False,False
state_house_president_2020.json,2020,state_house,president,78,13125,38415,13123,38412,48.54,48.54,0.0,False,False,False
state_house_president_2020.json,2020,state_house,president,79,19364,31637,19364,31638,23.8,23.8,0.0,False,False,False
state_house_president_2020.json,2020,state_house,president,80,10671,32936,11957,31658,50.35,44.55,5.800000000000004,False,False,False
state_house_president_2020.json,2020,state_house,president,81,11977,31710,10688,32989,44.55,50.35,-5.800000000000004,False,False,False
state_house_president_2020.json,2020,state_house,president,82,20585,22738,20586,22739,4.89,4.89,0.0,False,False,False
state_house_president_2020.json,2020,state_house,president,83,13910,40210,13909,40209,47.95,47.95,0.0,False,False,False
state_house_president_2020.json,2020,state_house,president,84,14367,29233,14351,29311,33.66,33.82,-0.1600000000000037,False,False,False
state_house_president_2020.json,2020,state_house,president,85,12899,36118,12899,36118,46.82,46.82,0.0,False,False,False
state_house_president_2020.json,2020,state_house,president,86,13118,31021,13117,31021,40.14,40.14,0.0,False,False,False
state_house_president_2020.json,2020,state_house,president,87,11405,32737,11405,32737,47.77,47.77,0.0,False,False,False
state_house_president_2020.json,2020,state_house,president,88,30032,11800,30032,11800,-42.69,-42.69,0.0,False,False,False
state_house_president_2020.json,2020,state_house,president,89,11751,35214,11750,35214,49.34,49.34,0.0,False,False,False
state_house_president_2020.json,2020,state_house,president,90,10567,35545,10276,34568,53.61,53.61,0.0,False,False,False
state_house_president_2020.json,2020,state_house,president,91,14133,33619,15886,37789,40.33,40.33,0.0,False,False,False
state_house_president_2020.json,2020,state_house,president,92,29915,12808,29915,12808,-39.35,-39.35,0.0,False,False,False
state_house_president_2020.json,2020,state_house,president,93,21797,29649,21782,29629,15.01,15.01,0.0,False,False,False
state_house_president_2020.json,2020,state_house,president,94,9847,35401,10130,36419,55.9,55.9,0.0,False,False,False
state_house_president_2020.json,2020,state_house,president,95,17266,31258,17289,31169,28.37,28.18,0.19000000000000128,False,False,False
state_house_president_2020.json,2020,state_house,president,96,16196,27890,16196,27891,26.13,26.13,0.0,False,False,False
state_house_president_2020.json,2020,state_house,president,97,13272,36342,13272,36342,45.94,45.94,0.0,False,False,False
state_house_president_2020.json,2020,state_house,president,98,24348,23109,24348,23109,-2.57,-2.57,0.0,False,False,False
state_house_president_2020.json,2020,state_house,president,99,28047,5161,28047,5161,-67.76,-67.76,0.0,False,False,False
state_house_president_2020.json,2020,state_house,president,100,25833,8126,25833,8126,-51.24,-51.24,0.0,False,False,False
state_house_president_2020.json,2020,state_house,president,101,32355,9896,32355,9895,-52.27,-52.27,0.0,False,False,False
state_house_president_2020.json,2020,state_house,president,102,36018,8902,36018,8901,-59.22,-59.22,0.0,False,False,False
state_house_president_2020.json,2020,state_house,president,103,25926,21905,25926,21906,-8.26,-8.26,0.0,False,False,False
state_house_president_2020.json,2020,state_house,president,104,27097,18962,27097,18962,-17.34,-17.34,0.0,False,False,False
state_house_president_2020.json,2020,state_house,president,105,25924,18276,25924,18275,-17.02,-17.02,0.0,False,False,False
state_house_president_2020.json,2020,state_house,president,106,32043,13287,32042,13287,-40.74,-40.74,0.0,False,False,False
state_house_president_2020.json,2020,state_house,president,107,37118,7550,37117,7550,-65.13,-65.13,0.0,False,False,False
state_house_president_2020.json,2020,state_house,president,108,13892,28128,13892,28128,33.43,33.43,0.0,False,False,False
state_house_president_2020.json,2020,state_house,president,109,19000,27345,19001,27346,17.74,17.74,0.0,False,False,False
state_house_president_2020.json,2020,state_house,president,110,13740,29857,13740,29856,36.62,36.62,0.0,False,False,False
state_house_president_2020.json,2020,state_house,president,111,13584,32016,14662,34558,39.96,39.96,0.0,False,False,False
state_house_president_2020.json,2020,state_house,president,112,26466,16425,26466,16424,-23.03,-23.03,0.0,False,False,False
state_house_president_2020.json,2020,state_house,president,113,17178,33788,17014,33465,32.17,32.17,0.0,False,False,False
state_house_president_2020.json,2020,state_house,president,114,36582,18832,35967,18515,-31.5,-31.5,0.0,False,False,False
state_house_president_2020.json,2020,state_house,president,115,30074,23379,29220,22716,-12.31,-12.31,0.0,False,False,False
state_house_president_2020.json,2020,state_house,president,116,29781,20269,31242,21264,-18.71,-18.71,0.0,False,False,False
state_house_president_2020.json,2020,state_house,president,117,21994,30919,22196,31203,16.58,16.58,0.0,False,False,False
state_house_president_2020.json,2020,state_house,president,118,18046,30813,18046,30813,25.73,25.73,0.0,False,False,False
state_house_president_2020.json,2020,state_house,president,119,20815,27152,20815,27151,12.96,12.96,0.0,False,False,False
state_house_president_2020.json,2020,state_house,president,120,12415,35661,12415,35661,47.71,47.71,0.0,False,False,False
state_senate_president_2020.json,2020,state_senate,president,1,44754,72158,44754,72159,23.14,23.14,0.0,False,False,False
state_senate_president_2020.json,2020,state_senate,president,2,44387,62054,44388,62054,16.39,16.39,0.0,False,False,False
state_senate_president_2020.json,2020,state_senate,president,3,55991,52023,55994,52026,-3.64,-3.64,0.0,False,False,False
state_senate_president_2020.json,2020,state_senate,president,4,48805,55159,48805,55159,6.05,6.05,0.0,False,False,False
state_senate_president_2020.json,2020,state_senate,president,5,63335,48188,63335,48188,-13.4,-13.4,0.0,False,False,False
state_senate_president_2020.json,2020,state_senate,president,6,24264,46079,24264,46079,30.2,30.2,0.0,False,False,False
state_senate_president_2020.json,2020,state_senate,president,7,60558,60300,59966,59710,-0.21,-0.21,0.0,False,False,False
state_senate_president_2020.json,2020,state_senate,president,8,48322,75725,48786,76451,21.85,21.85,0.0,False,False,False
state_senate_president_2020.json,2020,state_senate,president,9,40612,64396,40609,64391,22.43,22.43,0.0,False,False,False
state_senate_president_2020.json,2020,state_senate,president,10,41255,68346,41258,68351,24.33,24.33,0.0,False,False,False
state_senate_president_2020.json,2020,state_senate,president,11,54254,55117,54254,55116,0.78,0.78,0.0,False,False,False
state_senate_president_2020.json,2020,state_senate,president,12,34619,53386,34607,53368,20.98,20.98,0.0,False,False,False
state_senate_president_2020.json,2020,state_senate,president,13,78495,41738,82058,43632,-29.96,-29.96,0.0,False,False,False
state_senate_president_2020.json,2020,state_senate,president,14,76094,30305,74577,29702,-42.32,-42.32,0.0,False,False,False
state_senate_president_2020.json,2020,state_senate,president,15,85148,37324,91778,40231,-38.26,-38.26,0.0,False,False,False
state_senate_president_2020.json,2020,state_senate,president,16,65309,32173,63816,31438,-33.36,-33.36,0.0,False,False,False
state_senate_president_2020.json,2020,state_senate,president,17,50902,45869,46575,41970,-5.09,-5.09,0.0,False,False,False
state_senate_president_2020.json,2020,state_senate,president,18,55641,51739,54397,50582,-3.57,-3.57,0.0,False,False,False
state_senate_president_2020.json,2020,state_senate,president,19,55374,45280,56759,46413,-9.86,-9.86,0.0,False,False,False
state_senate_president_2020.json,2020,state_senate,president,20,84223,31469,83854,31331,-44.91,-44.91,0.0,False,False,False
state_senate_president_2020.json,2020,state_senate,president,21,49876,51516,48638,50237,1.59,1.59,0.0,False,False,False
state_senate_president_2020.json,2020,state_senate,president,22,87417,22021,87821,22123,-58.89,-58.89,0.0,False,False,False
state_senate_president_2020.json,2020,state_senate,president,23,76920,40452,76920,40452,-30.66,-30.66,0.0,False,False,False
state_senate_president_2020.json,2020,state_senate,president,24,38010,44731,38010,44731,8.04,8.04,0.0,False,False,False
state_senate_president_2020.json,2020,state_senate,president,25,43543,64744,43543,64744,19.32,19.32,0.0,False,False,False
state_senate_president_2020.json,2020,state_senate,president,26,48332,65256,48332,65256,14.71,14.71,0.0,False,False,False
state_senate_president_2020.json,2020,state_senate,president,27,58372,42971,58372,42972,-14.97,-14.97,0.0,False,False,False
state_senate_president_2020.json,2020,state_senate,president,28,85621,27103,85621,27103,-51.17,-51.17,0.0,False,False,False
state_senate_president_2020.json,2020,state_senate,president,29,34258,74633,35355,77024,36.7,36.7,0.0,False,False,False
state_senate_president_2020.json,2020,state_senate,president,30,29344,82887,29344,82887,47.04,47.04,0.0,False,False,False
state_senate_president_2020.json,2020,state_senate,president,31,47965,61011,47334,60209,11.81,11.81,0.0,False,False,False
state_senate_president_2020.json,2020,state_senate,president,32,70358,44198,71236,44749,-22.45,-22.45,0.0,False,False,False
state_senate_president_2020.json,2020,state_senate,president,33,31246,74750,31246,74749,40.53,40.53,0.0,False,False,False
state_senate_president_2020.json,2020,state_senate,president,34,50502,59390,50503,59391,7.96,7.96,0.0,False,False,False
state_senate_president_2020.json,2020,state_senate,president,35,45839,73425,44505,71288,22.79,22.79,0.0,False,False,False
state_senate_president_2020.json,2020,state_senate,president,36,24140,86920,24148,86947,55.94,55.94,0.0,False,False,False
state_senate_president_2020.json,2020,state_senate,president,37,41763,76564,41763,76564,28.99,28.99,0.0,False,False,False
state_senate_president_2020.json,2020,state_senate,president,38,85034,19742,85034,19742,-61.25,-61.25,0.0,False,False,False
state_senate_president_2020.json,2020,state_senate,president,39,72986,35116,72986,35116,-34.37,-34.37,0.0,False,False,False
state_senate_president_2020.json,2020,state_senate,president,40,69617,29012,69616,29012,-40.49,-40.49,0.0,False,False,False
state_senate_president_2020.json,2020,state_senate,president,41,79088,36180,79088,36180,-36.61,-36.61,0.0,False,False,False
state_senate_president_2020.json,2020,state_senate,president,42,65274,47859,65274,47859,-15.13,-15.13,0.0,False,False,False
state_senate_president_2020.json,2020,state_senate,president,43,39354,66192,39289,66084,25.09,25.09,0.0,False,False,False
state_senate_president_2020.json,2020,state_senate,president,44,31839,76984,31889,77106,41.02,41.02,0.0,False,False,False
state_senate_president_2020.json,2020,state_senate,president,45,31842,77996,32660,80001,41.47,41.47,0.0,False,False,False
state_senate_president_2020.json,2020,state_senate,president,46,40795,67294,37889,62500,24.19,24.19,0.0,False,False,False
state_senate_president_2020.json,2020,state_senate,president,47,44301,79648,43280,77814,28.11,28.11,0.0,False,False,False
state_senate_president_2020.json,2020,state_senate,president,48,40869,72607,40870,72607,27.56,27.56,0.0,False,False,False
state_senate_president_2020.json,2020,state_senate,president,49,74988,42698,79881,45484,-26.99,-26.99,0.0,False,False,False
state_senate_president_2020.json,2020,state_senate,president,50,41803,76704,41802,76704,28.98,28.98,0.0,False,False,False
