county,score,bucket,atlas_m,oe_m,d_margin_pp,dmaj,rmaj,rows,unmatched_n,unmatched_votes,unmatched_share,phantom_n,phantom_votes,phantom_share,red_flag,unmatched_keys,phantom_keys
DARE,25.083773142330585,odd_maj_pattern,-16.77138309457988,-16.76300578034682,-0.008377314233058542,2,14,16,0,0.0,0.0,0,0.0,0.0,True,,
JACKSON,25.0,odd_maj_pattern,-8.426027593450137,-8.426027593450137,0.0,1,12,13,0,0.0,0.0,0,0.0,0.0,True,,
ALLEGHANY,0.8249833175597132,margin_off,-50.65625519189234,-50.57375686013637,-0.08249833175597132,0,4,4,0,0.0,0.0,0,0.0,0.0,False,,
TYRRELL,0.6433717610329914,margin_off,-15.935591338145475,-15.871254162042176,-0.06433717610329914,1,5,6,0,0.0,0.0,0,0.0,0.0,False,,
ASHE,0.31537002706215844,e_ok,-46.69820366937288,-46.666666666666664,-0.031537002706215844,0,17,17,0,0.0,0.0,0,0.0,0.0,False,,
HARNETT,0.20288990227690817,e_ok,-22.82587828757919,-22.84616727780688,0.020288990227690817,0,8,8,0,0.0,0.0,0,0.0,0.0,False,,
MARTIN,0.1687276140712335,e_ok,-4.973885094415428,-4.990757855822551,0.01687276140712335,5,4,9,0,0.0,0.0,0,0.0,0.0,False,,
RICHMOND,0.15301153648637822,e_ok,-14.95894670359034,-14.943645549941703,-0.015301153648637822,0,6,6,0,0.0,0.0,0,0.0,0.0,False,,
WASHINGTON,0.14574896493865452,e_ok,9.970864357397216,9.956289460903351,0.014574896493865452,3,3,6,0,0.0,0.0,0,0.0,0.0,False,,
STOKES,0.14095079822411094,e_ok,-58.40968972433049,-58.4237848041529,0.014095079822411094,0,18,18,0,0.0,0.0,0,0.0,0.0,False,,
SCOTLAND,0.13378202688269392,e_ok,-1.944463396329399,-1.9578415990176683,0.013378202688269392,3,4,7,0,0.0,0.0,0,0.0,0.0,False,,
GUILFORD,0.1298238258087281,e_ok,23.478279479378077,23.465297096797205,0.012982382580872809,115,49,165,0,0.0,0.0,0,0.0,0.0,False,,
HYDE,0.12244446551015642,e_ok,-15.085158150851582,-15.097402597402597,0.012244446551015642,2,5,7,0,0.0,0.0,0,0.0,0.0,False,,
DAVIE,0.11720238843970776,e_ok,-46.15723850378864,-46.16895874263261,0.011720238843970776,0,14,14,0,0.0,0.0,0,0.0,0.0,False,,
POLK,0.10319208592797224,e_ok,-25.966579292267365,-25.976898500860162,0.010319208592797224,1,6,7,0,0.0,0.0,0,0.0,0.0,False,,
YADKIN,0.10154346060112118,e_ok,-61.779041429731926,-61.78919577579204,0.010154346060112118,0,12,12,0,0.0,0.0,0,0.0,0.0,False,,
BERTIE,0.0802145386907327,e_ok,21.742696053306,21.75071750717507,-0.00802145386907327,9,3,12,0,0.0,0.0,0,0.0,0.0,False,,
HALIFAX,0.07804878048780495,e_ok,21.319024390243904,21.326829268292684,-0.007804878048780495,11,8,19,0,0.0,0.0,0,0.0,0.0,False,,
SURRY,0.0733618118942303,e_ok,-51.88874479181038,-51.896080972999805,0.00733618118942303,0,23,23,0,0.0,0.0,0,0.0,0.0,False,,
CALDWELL,0.07158937839278678,e_ok,-51.640621311552806,-51.63346237371353,-0.0071589378392786784,0,15,15,0,0.0,0.0,0,0.0,0.0,False,,
LINCOLN,0.06983754349775495,e_ok,-46.49897206433668,-46.4919883099869,-0.006983754349775495,2,21,23,0,0.0,0.0,0,0.0,0.0,False,,
BLADEN,0.06695012252547983,e_ok,-13.82859831774602,-13.821903305493471,-0.006695012252547983,0,17,17,0,0.0,0.0,0,0.0,0.0,False,,
HERTFORD,0.062201445576732795,e_ok,34.215751158173404,34.20953101361573,0.0062201445576732795,13,0,13,0,0.0,0.0,0,0.0,0.0,False,,
NASH,0.0579900288890714,e_ok,0.2375755702779441,0.23177656738903696,0.00579900288890714,12,12,24,0,0.0,0.0,0,0.0,0.0,False,,
EDGECOMBE,0.057547605449421724,e_ok,27.216666007827012,27.21091124728207,0.005754760544942172,16,5,21,0,0.0,0.0,0,0.0,0.0,False,,
AVERY,0.04997996467231758,e_ok,-53.203759077317386,-53.198761080850154,-0.004997996467231758,0,19,19,0,0.0,0.0,0,0.0,0.0,False,,
MOORE,0.04441019236079313,e_ok,-27.774784950907986,-27.779225970144065,0.004441019236079313,3,23,26,0,0.0,0.0,0,0.0,0.0,False,,
WAYNE,0.04072088081558789,e_ok,-11.827682895743054,-11.823610807661495,-0.004072088081558789,14,14,28,0,0.0,0.0,0,0.0,0.0,False,,
WILKES,0.03633901674547246,e_ok,-57.20230291284273,-57.20593681451728,0.0036339016745472463,1,24,25,0,0.0,0.0,0,0.0,0.0,False,,
HENDERSON,0.03541490122067614,e_ok,-19.070210139646925,-19.066668649524857,-0.0035414901220676143,5,28,33,0,0.0,0.0,0,0.0,0.0,False,,
WATAUGA,0.0343509722941171,e_ok,8.456324824222461,8.459759921451873,-0.00343509722941171,11,9,20,0,0.0,0.0,0,0.0,0.0,False,,
CURRITUCK,0.03338615747672691,e_ok,-47.07626316785466,-47.07292455210699,-0.0033386157476726908,0,11,11,0,0.0,0.0,0,0.0,0.0,False,,
DAVIDSON,0.027148294942094253,e_ok,-48.14118940964863,-48.13847458015442,-0.0027148294942094253,8,35,43,0,0.0,0.0,0,0.0,0.0,False,,
JOHNSTON,0.02296246182858397,e_ok,-24.71807598262838,-24.72037222881124,0.002296246182858397,2,34,36,0,0.0,0.0,0,0.0,0.0,False,,
BRUNSWICK,0.022431583669799693,e_ok,-25.27815163750561,-25.28039479587259,0.0022431583669799693,1,26,27,0,0.0,0.0,0,0.0,0.0,False,,
HAYWOOD,0.020308200394936193,e_ok,-26.935156619138944,-26.93312579909945,-0.0020308200394936193,2,27,29,0,0.0,0.0,0,0.0,0.0,False,,
BEAUFORT,0.020023756580336283,e_ok,-26.100966702470462,-26.09896432681243,-0.0020023756580336283,5,16,21,0,0.0,0.0,0,0.0,0.0,False,,
DURHAM,0.01844292517290569,e_ok,63.35544328092804,63.35359898841075,0.0018442925172905689,51,3,54,0,0.0,0.0,0,0.0,0.0,False,,
ORANGE,0.018124411878090996,e_ok,51.82819830251519,51.830010743703,-0.0018124411878090996,39,1,40,0,0.0,0.0,0,0.0,0.0,False,,
NEW HANOVER,0.016118050923101812,e_ok,2.169698374077936,2.168086568985626,0.0016118050923101812,20,21,41,0,0.0,0.0,0,0.0,0.0,False,,
SAMPSON,0.011227566379936604,e_ok,-22.713178294573645,-22.71205553793565,-0.0011227566379936604,6,17,23,0,0.0,0.0,0,0.0,0.0,False,,
LEE,0.010569402493558755,e_ok,-15.120587207270185,-15.11953026702083,-0.0010569402493558755,2,8,10,0,0.0,0.0,0,0.0,0.0,False,,
ROWAN,0.009986845149256851,e_ok,-36.15787220526701,-36.15887088978194,0.000998684514925685,10,31,41,0,0.0,0.0,0,0.0,0.0,False,,
WAKE,0.006299941717031743,e_ok,26.978853914447136,26.978223920275433,0.0006299941717031743,167,26,193,0,0.0,0.0,0,0.0,0.0,False,,
MECKLENBURG,0.004615849364029145,e_ok,35.6876016034049,35.6880631883413,-0.00046158493640291454,168,27,195,0,0.0,0.0,0,0.0,0.0,False,,
CABARRUS,0.0016633251973985352,e_ok,-9.59730322278742,-9.59713689026768,-0.00016633251973985352,13,26,39,0,0.0,0.0,0,0.0,0.0,False,,
PASQUOTANK,0.0003227492404983545,e_ok,0.3163265306122449,0.3162942556881951,3.227492404983545e-05,4,5,9,0,0.0,0.0,0,0.0,0.0,False,,
BUNCOMBE,1.4210854715202004e-13,e_ok,21.45827958748355,21.458279587483563,-1.4210854715202004e-14,79,1,80,0,0.0,0.0,0,0.0,0.0,False,,
MITCHELL,1.4210854715202004e-13,e_ok,-58.31193479959809,-58.31193479959808,-1.4210854715202004e-14,0,7,7,0,0.0,0.0,0,0.0,0.0,False,,
STANLY,1.4210854715202004e-13,e_ok,-51.59436686813349,-51.594366868133505,1.4210854715202004e-14,1,18,19,0,0.0,0.0,0,0.0,0.0,False,,
ALAMANCE,0.0,e_ok,-8.518985403093742,-8.518985403093742,0.0,19,20,39,0,0.0,0.0,0,0.0,0.0,False,,
ALEXANDER,0.0,e_ok,-58.61827983826686,-58.61827983826686,0.0,0,10,10,0,0.0,0.0,0,0.0,0.0,False,,
ANSON,0.0,e_ok,4.212421242124212,4.212421242124212,0.0,4,5,9,0,0.0,0.0,0,0.0,0.0,False,,
BURKE,0.0,e_ok,-40.557808641276026,-40.557808641276026,0.0,3,27,30,0,0.0,0.0,0,0.0,0.0,False,,
CAMDEN,0.0,e_ok,-47.44400752265344,-47.44400752265344,0.0,0,3,3,0,0.0,0.0,0,0.0,0.0,False,,
CARTERET,0.0,e_ok,-42.579710833076135,-42.579710833076135,0.0,2,24,26,0,0.0,0.0,0,0.0,0.0,False,,
CASWELL,0.0,e_ok,-18.654280692945015,-18.654280692945015,0.0,3,6,9,0,0.0,0.0,0,0.0,0.0,False,,
CATAWBA,0.0,e_ok,-37.55484521798316,-37.55484521798316,0.0,4,36,40,0,0.0,0.0,0,0.0,0.0,False,,
CHATHAM,0.0,e_ok,11.675317366018385,11.675317366018385,0.0,9,9,18,0,0.0,0.0,0,0.0,0.0,False,,
CHEROKEE,0.0,e_ok,-55.79544753562396,-55.79544753562396,0.0,0,16,16,0,0.0,0.0,0,0.0,0.0,False,,
CHOWAN,0.0,e_ok,-15.859030837004406,-15.859030837004406,0.0,1,5,6,0,0.0,0.0,0,0.0,0.0,False,,
CLAY,0.0,e_ok,-50.11011598884158,-50.11011598884158,0.0,0,9,9,0,0.0,0.0,0,0.0,0.0,False,,
CLEVELAND,0.0,e_ok,-33.18621559316691,-33.18621559316691,0.0,2,17,19,0,0.0,0.0,0,0.0,0.0,False,,
COLUMBUS,0.0,e_ok,-28.107161884466095,-28.107161884466095,0.0,0,11,11,0,0.0,0.0,0,0.0,0.0,False,,
CRAVEN,0.0,e_ok,-18.942123418934457,-18.942123418934457,0.0,4,17,21,0,0.0,0.0,0,0.0,0.0,False,,
CUMBERLAND,0.0,e_ok,16.911301651891684,16.911301651891684,0.0,48,24,72,0,0.0,0.0,0,0.0,0.0,False,,
DUPLIN,0.0,e_ok,-22.27836879432624,-22.27836879432624,0.0,3,13,16,0,0.0,0.0,0,0.0,0.0,False,,
FORSYTH,0.0,e_ok,14.118840769925844,14.118840769925844,0.0,71,37,108,0,0.0,0.0,0,0.0,0.0,False,,
FRANKLIN,0.0,e_ok,-13.65415986949429,-13.65415986949429,0.0,6,12,18,0,0.0,0.0,0,0.0,0.0,False,,
GASTON,0.0,e_ok,-28.137062249982456,-28.137062249982456,0.0,4,28,32,0,0.0,0.0,0,0.0,0.0,False,,
GATES,0.0,e_ok,-13.884660916624387,-13.884660916624387,0.0,2,4,6,0,0.0,0.0,0,0.0,0.0,False,,
GRAHAM,0.0,e_ok,-60.78006500541712,-60.78006500541712,0.0,0,4,4,0,0.0,0.0,0,0.0,0.0,False,,
GRANVILLE,0.0,e_ok,-6.670511341791618,-6.670511341791618,0.0,7,8,15,0,0.0,0.0,0,0.0,0.0,False,,
GREENE,0.0,e_ok,-11.968757178957041,-11.968757178957041,0.0,2,8,10,0,0.0,0.0,0,0.0,0.0,False,,
HOKE,0.0,e_ok,11.059886155148892,11.059886155148892,0.0,10,5,15,0,0.0,0.0,0,0.0,0.0,False,,
IREDELL,0.0,e_ok,-32.82721163947749,-32.82721163947749,0.0,3,27,30,0,0.0,0.0,0,0.0,0.0,False,,
JONES,0.0,e_ok,-19.77359868541172,-19.77359868541172,0.0,2,5,7,0,0.0,0.0,0,0.0,0.0,False,,
LENOIR,0.0,e_ok,-3.4935272211385,-3.4935272211385,0.0,10,12,22,0,0.0,0.0,0,0.0,0.0,False,,
MACON,0.0,e_ok,-39.044078078371896,-39.044078078371896,0.0,0,15,15,0,0.0,0.0,0,0.0,0.0,False,,
MADISON,0.0,e_ok,-23.89751552795031,-23.89751552795031,0.0,0,12,12,0,0.0,0.0,0,0.0,0.0,False,,
MCDOWELL,0.0,e_ok,-48.65067136253577,-48.65067136253577,0.0,0,17,17,0,0.0,0.0,0,0.0,0.0,False,,
MONTGOMERY,0.0,e_ok,-32.061548123724286,-32.061548123724286,0.0,3,11,14,0,0.0,0.0,0,0.0,0.0,False,,
NORTHAMPTON,0.0,e_ok,20.68005567707298,20.68005567707298,0.0,6,7,13,0,0.0,0.0,0,0.0,0.0,False,,
ONSLOW,0.0,e_ok,-31.007619697486636,-31.007619697486636,0.0,3,21,24,0,0.0,0.0,0,0.0,0.0,False,,
PAMLICO,0.0,e_ok,-28.246495636075114,-28.246495636075114,0.0,0,6,6,0,0.0,0.0,0,0.0,0.0,False,,
PENDER,0.0,e_ok,-30.383918762433563,-30.383918762433563,0.0,2,6,8,0,0.0,0.0,0,0.0,0.0,False,,
PERQUIMANS,0.0,e_ok,-32.603110209601084,-32.603110209601084,0.0,1,6,7,0,0.0,0.0,0,0.0,0.0,False,,
PERSON,0.0,e_ok,-21.797773569217977,-21.797773569217977,0.0,3,8,11,0,0.0,0.0,0,0.0,0.0,False,,
PITT,0.0,e_ok,9.590184845884455,9.590184845884455,0.0,25,15,40,0,0.0,0.0,0,0.0,0.0,False,,
RANDOLPH,0.0,e_ok,-56.9229920564872,-56.9229920564872,0.0,0,22,22,0,0.0,0.0,0,0.0,0.0,False,,
ROBESON,0.0,e_ok,-18.76308033998206,-18.76308033998206,0.0,7,32,39,0,0.0,0.0,0,0.0,0.0,False,,
ROCKINGHAM,0.0,e_ok,-32.37054109487662,-32.37054109487662,0.0,0,12,12,0,0.0,0.0,0,0.0,0.0,False,,
RUTHERFORD,0.0,e_ok,-46.30576617880445,-46.30576617880445,0.0,0,17,17,0,0.0,0.0,0,0.0,0.0,False,,
SWAIN,0.0,e_ok,-19.896268549200403,-19.896268549200403,0.0,1,4,5,0,0.0,0.0,0,0.0,0.0,False,,
TRANSYLVANIA,0.0,e_ok,-15.896414342629482,-15.896414342629482,0.0,5,10,15,0,0.0,0.0,0,0.0,0.0,False,,
UNION,0.0,e_ok,-24.51997180633118,-24.51997180633118,0.0,8,45,53,0,0.0,0.0,0,0.0,0.0,False,,
VANCE,0.0,e_ok,19.402554989914513,19.402554989914513,0.0,7,0,7,0,0.0,0.0,0,0.0,0.0,False,,
WARREN,0.0,e_ok,26.08353033884949,26.08353033884949,0.0,11,3,14,0,0.0,0.0,0,0.0,0.0,False,,
WILSON,0.0,e_ok,2.9081442915582,2.9081442915582,0.0,14,10,24,0,0.0,0.0,0,0.0,0.0,False,,
YANCEY,0.0,e_ok,-34.16636915387362,-34.16636915387362,0.0,0,11,11,0,0.0,0.0,0,0.0,0.0,False,,
