year,county,raw_precinct,group_id,strategy
2002,CUMBERLAND,CC01 CROSS CREEK #01,CUMBERLAND|PLANHSC|H43|S21|C7,historical_plan_cell_hsc
2002,CUMBERLAND,CC02 CROSS CREEK #02,CUMBERLAND|PLANHSC|H41|S21|C7,historical_plan_cell_hsc
2002,CUMBERLAND,CC03 CROSS CREEK #03,CUMBERLAND|PLANSC|S21|C2,historical_plan_cell_sc
2002,CUMBERLAND,CC04 CROSS CREEK #04,CUMBERLAND|PLANHSC|H41|S19|C8,historical_plan_cell_hsc
2002,CUMBERLAND,CC05 CROSS CREEK #05,CUMBERLAND|PLANHSC|H43|S21|C2,historical_plan_cell_hsc
2002,CUMBERLAND,CC06 CROSS CREEK #06,CUMBERLAND|PLANHSC|H41|S21|C8,historical_plan_cell_hsc
2002,CUMBERLAND,CC07 CROSS CREEK #07,CUMBERLAND|PLANHSC|H41|S19|C8,historical_plan_cell_hsc
2002,CUMBERLAND,CC08 CROSS CREEK #08,CUMBERLAND|PLANHSC|H41|S19|C8,historical_plan_cell_hsc
2002,CUMBERLAND,CC09 CROSS CREEK #09,CUMBERLAND|PLANHSC|H43|S21|C2,historical_plan_cell_hsc
2002,CUMBERLAND,CU01 CUMBERLAND #1,CUMBERLAND|PLANHSC|H45|S19|C8,historical_plan_cell_hsc
2002,CUMBERLAND,CU02 CUMBERLAND #2,CUMBERLAND|PLANHSC|H44|S19|C8,historical_plan_cell_hsc
2002,CUMBERLAND,CU03 CUMBERLAND #3,CUMBERLAND|PLANHSC|H45|S19|C8,historical_plan_cell_hsc
2002,CUMBERLAND,HM01 HOPE MILLS #1,CUMBERLAND|PLANHSC|H45|S19|C8,historical_plan_cell_hsc
2002,CUMBERLAND,HM02 HOPE MILLS #2,CUMBERLAND|PLANHSC|H45|S19|C7,historical_plan_cell_hsc
2002,CUMBERLAND,HM03 HOPE MILLS #3,CUMBERLAND|PLANHSC|H45|S19|C8,historical_plan_cell_hsc
2002,CUMBERLAND,MR02 MORGANTON RD #2,CUMBERLAND|PLANHSC|H44|S21|C8,historical_plan_cell_hsc
2002,CUMBERLAND,PM02 PEARCES MILL #2,CUMBERLAND|PLANHSC|H45|S19|C8,historical_plan_cell_hsc
2002,CUMBERLAND,PM03 PEARCES MILL #3,CUMBERLAND|PLANSC|S19|C7,historical_plan_cell_sc
2002,CUMBERLAND,PM04 PEARCES MILL #4,CUMBERLAND|PLANHSC|H45|S19|C8,historical_plan_cell_hsc
2002,GUILFORD,FR5-1 FR5-1,GUILFORD|PLANHSC|H62|S26|C6,historical_plan_cell_hsc
2002,GUILFORD,FR5-2 FR5-2,GUILFORD|PLANHSC|H62|S26|C6,historical_plan_cell_hsc
2002,GUILFORD,G08 G08,GUILFORD|PLANHSC|H58|S27|C13,historical_plan_cell_hsc
2002,GUILFORD,G40A G40A,GUILFORD|PLANHSC|H62|S26|C6,historical_plan_cell_hsc
2002,GUILFORD,G40B G40B,GUILFORD|PLANSC|S26|C6,historical_plan_cell_sc
2002,GUILFORD,G41-1 G41-1,GUILFORD|PLANHSC|H62|S27|C6,historical_plan_cell_hsc
2002,GUILFORD,G41-2 G41-2,GUILFORD|PLANHSC|H62|S27|C6,historical_plan_cell_hsc
2002,GUILFORD,G42-1 G42-1,GUILFORD|PLANHSC|H62|S27|C6,historical_plan_cell_hsc
2002,GUILFORD,G42-2 G42-2,GUILFORD|PLANHSC|H62|S27|C6,historical_plan_cell_hsc
2002,GUILFORD,H19A H19A,GUILFORD|PLANHSC|H61|S28|C12,historical_plan_cell_hsc
2002,GUILFORD,H19B H19B,GUILFORD|PLANHSC|H61|S28|C12,historical_plan_cell_hsc
2002,GUILFORD,H20A H20A,GUILFORD|PLANHSC|H61|S28|C6,historical_plan_cell_hsc
2002,GUILFORD,H20B H20B,GUILFORD|PLANHSC|H61|S28|C6,historical_plan_cell_hsc
2002,GUILFORD,H28 H28,GUILFORD|PLANHSC|H61|S28|C12,historical_plan_cell_hsc
2002,GUILFORD,H29 H29,GUILFORD|PLANHSC|H61|S28|C12,historical_plan_cell_hsc
2002,GUILFORD,NCLAY1 NCLAY1,GUILFORD|PLANHSC|H57|S26|C6,historical_plan_cell_hsc
2002,GUILFORD,NCLAY2 NCLAY2,GUILFORD|PLANHSC|H57|S26|C6,historical_plan_cell_hsc
2002,MECKLENBURG,145 145,MECKLENBURG|PLANHSC|H99|S40|C12,historical_plan_cell_hsc
2002,NEW HANOVER,absentee/provisional,NEW HANOVER|PLANSC|S9|C7,historical_plan_cell_sc
2002,WAKE,01-07A 01-07A,WAKE|PLANHSC|H38|S16|C13,historical_plan_cell_hsc
2002,WAKE,01-49 01-49,WAKE|PLANHSC|H35|S16|C13,historical_plan_cell_hsc
2002,WAKE,01-50 01-50,WAKE|PLANHSC|H38|S14|C2,historical_plan_cell_hsc
2002,WAKE,01-51 01-51,WAKE|PLANHSC|H34|S15|C13,historical_plan_cell_hsc
2002,WAKE,04-20 04-20,WAKE|PLANHSC|H36|S16|C4,historical_plan_cell_hsc
2002,WAKE,04-21 04-21,WAKE|PLANHSC|H35|S16|C4,historical_plan_cell_hsc
2002,WAKE,05-01 05-01,WAKE|PLANHSC|H34|S16|C4,historical_plan_cell_hsc
2002,WAKE,05-02 05-02,WAKE|PLANHSC|H34|S16|C4,historical_plan_cell_hsc
2002,WAKE,05-03 05-03,WAKE|PLANHSC|H34|S16|C4,historical_plan_cell_hsc
2002,WAKE,07-07A 07-07A,WAKE|PLANHSC|H50|S15|C4,historical_plan_cell_hsc
2002,WAKE,07-11 07-11,WAKE|PLANHSC|H50|S15|C13,historical_plan_cell_hsc
2002,WAKE,07-12 07-12,WAKE|PLANHSC|H34|S16|C13,historical_plan_cell_hsc
2002,WAKE,07-13 07-13,WAKE|PLANHSC|H50|S15|C13,historical_plan_cell_hsc
2002,WAKE,08-07 08-07,WAKE|PLANHSC|H50|S15|C4,historical_plan_cell_hsc
2002,WAKE,08-08 08-08,WAKE|PLANHSC|H50|S15|C4,historical_plan_cell_hsc
2002,WAKE,08-09 08-09,WAKE|PLANHSC|H50|S15|C4,historical_plan_cell_hsc
2002,WAKE,09-03 09-03,WAKE|PLANHSC|H40|S14|C13,historical_plan_cell_hsc
2002,WAKE,10-03 10-03,WAKE|PLANHSC|H39|S14|C13,historical_plan_cell_hsc
2002,WAKE,10-04 10-04,WAKE|PLANHSC|H39|S14|C13,historical_plan_cell_hsc
2002,WAKE,12-05 12-05,WAKE|PLANHSC|H37|S17|C4,historical_plan_cell_hsc
2002,WAKE,12-06 12-06,WAKE|PLANHSC|H39|S17|C4,historical_plan_cell_hsc
2002,WAKE,12-07 12-07,WAKE|PLANHSC|H39|S17|C4,historical_plan_cell_hsc
2002,WAKE,13-04 13-04,WAKE|PLANHC|H40|C13,historical_plan_cell_hc
2002,WAKE,13-05 13-05,WAKE|PLANHC|H40|C13,historical_plan_cell_hc
2002,WAKE,13-06 13-06,WAKE|PLANHC|H40|C13,historical_plan_cell_hc
2002,WAKE,13-07 13-07,WAKE|PLANHSC|H33|S14|C13,historical_plan_cell_hsc
2002,WAKE,15-03 15-03,WAKE|PLANHSC|H39|S17|C4,historical_plan_cell_hsc
2002,WAKE,15-04 15-04,WAKE|PLANHSC|H39|S17|C4,historical_plan_cell_hsc
2002,WAKE,16-08 16-08,WAKE|PLANSC|S14|C2,historical_plan_cell_sc
2002,WAKE,16-09 16-09,WAKE|PLANHSC|H39|S17|C2,historical_plan_cell_hsc
2002,WAKE,17-08 17-08,WAKE|PLANHSC|H39|S14|C13,historical_plan_cell_hsc
2002,WAKE,17-09 17-09,WAKE|PLANHSC|H33|S14|C13,historical_plan_cell_hsc
2002,WAKE,17-10 17-10,WAKE|PLANHSC|H33|S14|C13,historical_plan_cell_hsc
2002,WAKE,17-11 17-11,WAKE|PLANHSC|H33|S14|C13,historical_plan_cell_hsc
2002,WAKE,18-07 18-07,WAKE|PLANHSC|H37|S17|C4,historical_plan_cell_hsc
2002,WAKE,18-08 18-08,WAKE|PLANHSC|H35|S17|C4,historical_plan_cell_hsc
2002,WAKE,19-06 19-06,WAKE|PLANHSC|H40|S15|C13,historical_plan_cell_hsc
2002,WAKE,19-07 19-07,WAKE|PLANHSC|H40|S15|C13,historical_plan_cell_hsc
2002,WAKE,19-08 19-08,WAKE|PLANHSC|H40|S15|C13,historical_plan_cell_hsc
2002,WAKE,20-07 20-07,WAKE|PLANHSC|H37|S17|C4,historical_plan_cell_hsc
2002,WAKE,20-08 20-08,WAKE|PLANHSC|H37|S17|C4,historical_plan_cell_hsc
2002,WAKE,20-09 20-09,WAKE|PLANHSC|H36|S17|C4,historical_plan_cell_hsc
2002,WAKE,20-10 20-10,WAKE|PLANHSC|H36|S16|C4,historical_plan_cell_hsc
2004,BUNCOMBE,01.1 ASHEVILLE 1,BUNCOMBE|PLANHS|H115|S49,historical_plan_cell_hs
2004,BUNCOMBE,02.1 ASHEVILLE 2,BUNCOMBE|PLANHS|H114|S49,historical_plan_cell_hs
2004,BUNCOMBE,03.1 ASHEVILLE 3,BUNCOMBE|PLANHS|H114|S49,historical_plan_cell_hs
2004,BUNCOMBE,04.1 ASHEVILLE 4,BUNCOMBE|PLANHS|H114|S49,historical_plan_cell_hs
2004,BUNCOMBE,05.1 ASHEVILLE 5,BUNCOMBE|PLANHS|H116|S49,historical_plan_cell_hs
2004,BUNCOMBE,06.1 ASHEVILLE 6,BUNCOMBE|PLANHS|H115|S49,historical_plan_cell_hs
2004,BUNCOMBE,07.1 ASHEVILLE 7,BUNCOMBE|PLANHS|H115|S49,historical_plan_cell_hs
2004,BUNCOMBE,08.1 ASHEVILLE 8,BUNCOMBE|PLANHS|H115|S49,historical_plan_cell_hs
2004,BUNCOMBE,09.1 ASHEVILLE 9,BUNCOMBE|PLANHS|H115|S49,historical_plan_cell_hs
2004,BUNCOMBE,10.1 ASHEVILLE 10,BUNCOMBE|PLANHS|H115|S49,historical_plan_cell_hs
2004,BUNCOMBE,11.1 ASHEVILLE 11,BUNCOMBE|PLANHS|H114|S49,historical_plan_cell_hs
2004,BUNCOMBE,12.1 ASHEVILLE 12,BUNCOMBE|PLANHS|H114|S49,historical_plan_cell_hs
2004,BUNCOMBE,13.1 ASHEVILLE 13,BUNCOMBE|PLANHS|H114|S49,historical_plan_cell_hs
2004,BUNCOMBE,15.1 ASHEVILLE 15,BUNCOMBE|PLANHS|H114|S49,historical_plan_cell_hs
2004,BUNCOMBE,16.1 ASHEVILLE 16,BUNCOMBE|PLANHS|H114|S49,historical_plan_cell_hs
2004,BUNCOMBE,17.1 ASHEVILLE 17,BUNCOMBE|PLANHS|H115|S49,historical_plan_cell_hs
2004,BUNCOMBE,18.1 ASHEVILLE 18,BUNCOMBE|PLANHS|H116|S48,historical_plan_cell_hs
2004,BUNCOMBE,19.1 ASHEVILLE 19,BUNCOMBE|PLANHS|H116|S48,historical_plan_cell_hs
2004,BUNCOMBE,20.1 ASHEVILLE 20,BUNCOMBE|PLANHS|H115|S49,historical_plan_cell_hs
2004,BUNCOMBE,21.1 ASHEVILLE 21,BUNCOMBE|PLANHS|H115|S49,historical_plan_cell_hs
2004,BUNCOMBE,22.1 ASHEVILLE 22,BUNCOMBE|PLANHS|H114|S49,historical_plan_cell_hs
2004,BUNCOMBE,23.1 ASHEVILLE 23,BUNCOMBE|PLANHS|H115|S49,historical_plan_cell_hs
2004,BUNCOMBE,24.1 ASHEVILLE 24,BUNCOMBE|PLANHS|H116|S48,historical_plan_cell_hs
2004,BUNCOMBE,25.1 ASHEVILLE 25,BUNCOMBE|PLANHS|H115|S49,historical_plan_cell_hs
2004,BUNCOMBE,26.1 ASHEVILLE 26,BUNCOMBE|PLANHS|H114|S49,historical_plan_cell_hs
2004,BUNCOMBE,27.1 ASHEVILLE 27,BUNCOMBE|PLANHS|H114|S49,historical_plan_cell_hs
2004,BUNCOMBE,28.1 ASHEVILLE 28,BUNCOMBE|PLANHS|H114|S49,historical_plan_cell_hs
2004,BUNCOMBE,30.1 AVERYS CREEK,BUNCOMBE|PLANHS|H116|S48,historical_plan_cell_hs
2004,BUNCOMBE,31.1 BILTMORE FOREST,BUNCOMBE|PLANHS|H116|S48,historical_plan_cell_hs
2004,BUNCOMBE,32.1 BLACK MOUNTAIN 1,BUNCOMBE|PLANHS|H115|S49,historical_plan_cell_hs
2004,BUNCOMBE,33.1 BLACK MOUNTAIN 2,BUNCOMBE|PLANHS|H115|S49,historical_plan_cell_hs
2004,BUNCOMBE,34.1 BLACK MOUNTAIN 3,BUNCOMBE|PLANHS|H115|S49,historical_plan_cell_hs
2004,BUNCOMBE,35.1 BLACK MOUNTAIN 4,BUNCOMBE|PLANHS|H115|S49,historical_plan_cell_hs
2004,BUNCOMBE,36.1 BLACK MOUNTAIN 5,BUNCOMBE|PLANHS|H115|S49,historical_plan_cell_hs
2004,BUNCOMBE,37.1 BROAD RIVER,BUNCOMBE|PLANHS|H115|S48,historical_plan_cell_hs
2004,BUNCOMBE,38.1 FAIRVIEW 1,BUNCOMBE|PLANHS|H115|S48,historical_plan_cell_hs
2004,BUNCOMBE,39.1 FAIRVIEW 2,BUNCOMBE|PLANHS|H115|S48,historical_plan_cell_hs
2004,BUNCOMBE,40.1 FLAT CREEK,BUNCOMBE|PLANHS|H114|S49,historical_plan_cell_hs
2004,BUNCOMBE,41.1 FRENCH BROAD,BUNCOMBE|PLANHS|H114|S49,historical_plan_cell_hs
2004,BUNCOMBE,42.1 HAZEL 1,BUNCOMBE|PLANHS|H116|S49,historical_plan_cell_hs
2004,BUNCOMBE,43.1 HAZEL 2,BUNCOMBE|PLANHS|H116|S49,historical_plan_cell_hs
2004,BUNCOMBE,44.1 LOWER HOMINY 1,BUNCOMBE|PLANHS|H116|S48,historical_plan_cell_hs
2004,BUNCOMBE,45.1 LOWER HOMINY 2,BUNCOMBE|PLANHS|H116|S49,historical_plan_cell_hs
2004,BUNCOMBE,46.1 LOWER HOMINY 3,BUNCOMBE|PLANHS|H116|S48,historical_plan_cell_hs
2004,BUNCOMBE,47.1 UPPER HOMINY 1,BUNCOMBE|PLANHS|H116|S48,historical_plan_cell_hs
2004,BUNCOMBE,48.1 UPPER HOMINY 2,BUNCOMBE|PLANHS|H116|S49,historical_plan_cell_hs
2004,BUNCOMBE,49.1 UPPER HOMINY 3,BUNCOMBE|PLANHS|H116|S48,historical_plan_cell_hs
2004,BUNCOMBE,50.1 IVY 1,BUNCOMBE|PLANHS|H114|S49,historical_plan_cell_hs
2004,BUNCOMBE,51.1 IVY 2,BUNCOMBE|PLANHS|H114|S49,historical_plan_cell_hs
2004,BUNCOMBE,52.1 LEICESTER 1,BUNCOMBE|PLANHS|H114|S49,historical_plan_cell_hs
2004,BUNCOMBE,53.1 LEICESTER 2,BUNCOMBE|PLANHS|H114|S49,historical_plan_cell_hs
2004,BUNCOMBE,54.1 LIMESTONE 1,BUNCOMBE|PLANHS|H116|S48,historical_plan_cell_hs
2004,BUNCOMBE,55.1 LIMESTONE 2,BUNCOMBE|PLANHS|H116|S48,historical_plan_cell_hs
2004,BUNCOMBE,56.1 LIMESTONE 3,BUNCOMBE|PLANHS|H116|S48,historical_plan_cell_hs
2004,BUNCOMBE,58.1 NORTH BUNCOMBE,BUNCOMBE|PLANHS|H114|S49,historical_plan_cell_hs
2004,BUNCOMBE,59.1 REEMS CREEK,BUNCOMBE|PLANHS|H114|S49,historical_plan_cell_hs
2004,BUNCOMBE,60.1 REYNOLDS,BUNCOMBE|PLANHS|H115|S49,historical_plan_cell_hs
2004,BUNCOMBE,61.1 RICEVILLE 1,BUNCOMBE|PLANHS|H115|S49,historical_plan_cell_hs
2004,BUNCOMBE,62.1 RICEVILLE 2,BUNCOMBE|PLANHS|H115|S49,historical_plan_cell_hs
2004,BUNCOMBE,63.1 SANDY MUSH,BUNCOMBE|PLANHS|H114|S49,historical_plan_cell_hs
2004,BUNCOMBE,64.1 SWANNANOA 1,BUNCOMBE|PLANHS|H115|S49,historical_plan_cell_hs
2004,BUNCOMBE,65.1 SWANNANOA 2,BUNCOMBE|PLANHS|H115|S49,historical_plan_cell_hs
2004,BUNCOMBE,66.1 SWANNANOA 3,BUNCOMBE|PLANHS|H115|S49,historical_plan_cell_hs
2004,BUNCOMBE,67.1 WEAVERVILLE,BUNCOMBE|PLANHS|H114|S49,historical_plan_cell_hs
2004,BUNCOMBE,69.1 WEST BUNCOMBE 2,BUNCOMBE|PLANHS|H116|S49,historical_plan_cell_hs
2004,BUNCOMBE,70.1 WOODFIN,BUNCOMBE|PLANHS|H116|S49,historical_plan_cell_hs
2004,BUNCOMBE,71.1 WOODLAND HILLS,BUNCOMBE|PLANHS|H114|S49,historical_plan_cell_hs
2004,CUMBERLAND,AH49 ARRAN HILLS,CUMBERLAND|PLANHS|H44|S19,historical_plan_cell_hs
2004,CUMBERLAND,CC01 CROSS CREEK #01,CUMBERLAND|PLANHS|H43|S19,historical_plan_cell_hs
2004,CUMBERLAND,CC02 CROSS CREEK #02,CUMBERLAND|PLANHS|H45|S19,historical_plan_cell_hs
2004,CUMBERLAND,CC04 CROSS CREEK #04,CUMBERLAND|PLANHS|H44|S21,historical_plan_cell_hs
2004,CUMBERLAND,CC05 CROSS CREEK #05,CUMBERLAND|PLANHS|H43|S21,historical_plan_cell_hs
2004,CUMBERLAND,CC06 CROSS CREEK #06,CUMBERLAND|PLANHS|H44|S21,historical_plan_cell_hs
2004,CUMBERLAND,CC07 CROSS CREEK #07,CUMBERLAND|PLANHS|H44|S21,historical_plan_cell_hs
2004,CUMBERLAND,CC08 CROSS CREEK #08,CUMBERLAND|PLANHS|H44|S19,historical_plan_cell_hs
2004,CUMBERLAND,CC09 CROSS CREEK #09,CUMBERLAND|PLANHS|H43|S21,historical_plan_cell_hs
2004,CUMBERLAND,CU02 CUMBERLAND #2,CUMBERLAND|PLANHS|H44|S19,historical_plan_cell_hs
2004,CUMBERLAND,CU03 CUMBERLAND #3,CUMBERLAND|PLANHS|H45|S19,historical_plan_cell_hs
2004,CUMBERLAND,HM03 HOPE MILLS #3,CUMBERLAND|PLANHS|H45|S19,historical_plan_cell_hs
2004,CUMBERLAND,MR02 MORGANTON RD #2,CUMBERLAND|PLANHS|H44|S21,historical_plan_cell_hs
2004,CUMBERLAND,PM02 PEARCES MILL #2,CUMBERLAND|PLANHS|H45|S19,historical_plan_cell_hs
2004,CUMBERLAND,PM03 PEARCES MILL #3,CUMBERLAND|PLANHS|H45|S19,historical_plan_cell_hs
2004,CUMBERLAND,PM04 PEARCES MILL #4,CUMBERLAND|PLANHS|H45|S19,historical_plan_cell_hs
2004,GUILFORD,FR5-1 FR5-1,GUILFORD|PLANHS|H62|S26,historical_plan_cell_hs
2004,GUILFORD,FR5-2 FR5-2,GUILFORD|PLANHS|H62|S26,historical_plan_cell_hs
2004,GUILFORD,G08 G08,GUILFORD|PLANHS|H59|S27,historical_plan_cell_hs
2004,GUILFORD,G40A G40A,GUILFORD|PLANHS|H62|S26,historical_plan_cell_hs
2004,GUILFORD,G40B G40B,GUILFORD|PLANHS|H62|S27,historical_plan_cell_hs
2004,GUILFORD,G41-1 G41-1,GUILFORD|PLANHS|H62|S26,historical_plan_cell_hs
2004,GUILFORD,G41-2 G41-2,GUILFORD|PLANHS|H62|S26,historical_plan_cell_hs
2004,GUILFORD,G42-1 G42-1,GUILFORD|PLANHS|H62|S27,historical_plan_cell_hs
2004,GUILFORD,G42-2 G42-2,GUILFORD|PLANHS|H62|S27,historical_plan_cell_hs
2004,GUILFORD,H19B H19B,GUILFORD|PLANHS|H61|S28,historical_plan_cell_hs
2004,GUILFORD,H20A H20A,GUILFORD|PLANHS|H61|S28,historical_plan_cell_hs
2004,GUILFORD,H20B H20B,GUILFORD|PLANHS|H61|S28,historical_plan_cell_hs
2004,GUILFORD,H28 H28,GUILFORD|PLANHS|H61|S28,historical_plan_cell_hs
2004,GUILFORD,H29 H29,GUILFORD|PLANHS|H61|S28,historical_plan_cell_hs
2004,GUILFORD,NCLAY1 NCLAY1,GUILFORD|PLANHS|H58|S26,historical_plan_cell_hs
2004,GUILFORD,NCLAY2 NCLAY2,GUILFORD|PLANHS|H58|S26,historical_plan_cell_hs
2004,MECKLENBURG,145 145,MECKLENBURG|PLANHS|H98|S40,historical_plan_cell_hs
2004,MECKLENBURG,146 146,MECKLENBURG|PLANHS|H99|S40,historical_plan_cell_hs
2004,NEW HANOVER,T TRANSFER,NEW HANOVER|PLANHS|H18|S9,historical_plan_cell_hs
2004,WAKE,01-07A 01-07A,WAKE|PLANHS|H38|S16,historical_plan_cell_hs
2004,WAKE,01-49 01-49,WAKE|PLANHS|H35|S16,historical_plan_cell_hs
2004,WAKE,01-50 01-50,WAKE|PLANHS|H38|S14,historical_plan_cell_hs
2004,WAKE,01-51 01-51,WAKE|PLANHS|H34|S15,historical_plan_cell_hs
2004,WAKE,04-20 04-20,WAKE|PLANHS|H36|S16,historical_plan_cell_hs
2004,WAKE,04-21 04-21,WAKE|PLANHS|H35|S16,historical_plan_cell_hs
2004,WAKE,05-01 05-01,WAKE|PLANHS|H41|S16,historical_plan_cell_hs
2004,WAKE,05-02 05-02,WAKE|PLANHS|H41|S16,historical_plan_cell_hs
2004,WAKE,05-02A 05-02A,WAKE|PLANHS|H41|S16,historical_plan_cell_hs
2004,WAKE,05-03 05-03,WAKE|PLANHS|H41|S16,historical_plan_cell_hs
2004,WAKE,07-07A 07-07A,WAKE|PLANHS|H41|S15,historical_plan_cell_hs
2004,WAKE,07-11 07-11,WAKE|PLANHS|H34|S15,historical_plan_cell_hs
2004,WAKE,07-12 07-12,WAKE|PLANHS|H41|S15,historical_plan_cell_hs
2004,WAKE,07-13 07-13,WAKE|PLANHS|H34|S15,historical_plan_cell_hs
2004,WAKE,08-07 08-07,WAKE|PLANHS|H40|S15,historical_plan_cell_hs
2004,WAKE,08-08 08-08,WAKE|PLANHS|H40|S15,historical_plan_cell_hs
2004,WAKE,08-09 08-09,WAKE|PLANHS|H41|S15,historical_plan_cell_hs
2004,WAKE,09-03 09-03,WAKE|PLANHS|H39|S14,historical_plan_cell_hs
2004,WAKE,10-03 10-03,WAKE|PLANHS|H39|S14,historical_plan_cell_hs
2004,WAKE,10-04 10-04,WAKE|PLANHS|H39|S14,historical_plan_cell_hs
2004,WAKE,12-05 12-05,WAKE|PLANHS|H37|S17,historical_plan_cell_hs
2004,WAKE,12-06 12-06,WAKE|PLANHS|H37|S17,historical_plan_cell_hs
2004,WAKE,12-07 12-07,WAKE|PLANHS|H37|S17,historical_plan_cell_hs
2004,WAKE,13-04 13-04,WAKE|PLANHS|H40|S15,historical_plan_cell_hs
2004,WAKE,15-03 15-03,WAKE|PLANHS|H37|S17,historical_plan_cell_hs
2004,WAKE,15-04 15-04,WAKE|PLANHS|H38|S17,historical_plan_cell_hs
2004,WAKE,16-08 16-08,WAKE|PLANHS|H39|S14,historical_plan_cell_hs
2004,WAKE,16-09 16-09,WAKE|PLANHS|H39|S17,historical_plan_cell_hs
2004,WAKE,17-08 17-08,WAKE|PLANHS|H39|S14,historical_plan_cell_hs
2004,WAKE,17-09 17-09,WAKE|PLANHS|H33|S14,historical_plan_cell_hs
2004,WAKE,17-10 17-10,WAKE|PLANHS|H33|S14,historical_plan_cell_hs
2004,WAKE,17-11 17-11,WAKE|PLANHS|H33|S14,historical_plan_cell_hs
2004,WAKE,18-07 18-07,WAKE|PLANHS|H36|S17,historical_plan_cell_hs
2004,WAKE,19-06 19-06,WAKE|PLANHS|H40|S15,historical_plan_cell_hs
2004,WAKE,20-08 20-08,WAKE|PLANHS|H37|S17,historical_plan_cell_hs
2004,WAKE,20-09 20-09,WAKE|PLANHS|H36|S17,historical_plan_cell_hs
2004,WAKE,20-10 20-10,WAKE|PLANHS|H41|S17,historical_plan_cell_hs
