line_year,file,year,scope,contest_type,district,production_margin_pct,pilot_margin_pct,pilot_minus_production_pp,production_winner,pilot_winner,winner_flip,production_total_votes,pilot_total_votes
2022,state_house_us_senate_2002.json,2002,state_house,us_senate,6,15.34,15.29,-0.05,REP,REP,False,13951,13899
2022,state_house_us_senate_2002.json,2002,state_house,us_senate,11,7.59,6.51,-1.08,REP,REP,False,18107,17452
2022,state_house_us_senate_2002.json,2002,state_house,us_senate,18,-6.45,-1.67,4.78,DEM,DEM,False,17404,19312
2022,state_house_us_senate_2002.json,2002,state_house,us_senate,19,18.26,16.86,-1.4,REP,REP,False,20982,19445
2022,state_house_us_senate_2002.json,2002,state_house,us_senate,20,22.93,22.28,-0.65,REP,REP,False,25518,25147
2022,state_house_us_senate_2002.json,2002,state_house,us_senate,21,26.48,27.14,0.66,REP,REP,False,4944,5376
2022,state_house_us_senate_2002.json,2002,state_house,us_senate,31,-41.59,-41.71,-0.12,DEM,DEM,False,10880,10862
2022,state_house_us_senate_2002.json,2002,state_house,us_senate,33,9.09,9.85,0.76,REP,REP,False,18794,16952
2022,state_house_us_senate_2002.json,2002,state_house,us_senate,34,10.17,10.23,0.06,REP,REP,False,31900,30967
2022,state_house_us_senate_2002.json,2002,state_house,us_senate,35,31.72,28.44,-3.28,REP,REP,False,7510,11233
2022,state_house_us_senate_2002.json,2002,state_house,us_senate,36,24.59,25.59,1.0,REP,REP,False,13013,12235
2022,state_house_us_senate_2002.json,2002,state_house,us_senate,37,32.11,29.89,-2.22,REP,REP,False,9637,14204
2022,state_house_us_senate_2002.json,2002,state_house,us_senate,38,-55.26,-57.07,-1.81,DEM,DEM,False,18048,17719
2022,state_house_us_senate_2002.json,2002,state_house,us_senate,39,10.82,10.15,-0.67,REP,REP,False,16474,16574
2022,state_house_us_senate_2002.json,2002,state_house,us_senate,40,29.89,28.9,-0.99,REP,REP,False,24487,22164
2022,state_house_us_senate_2002.json,2002,state_house,us_senate,41,19.57,18.77,-0.8,REP,REP,False,25744,24340
2022,state_house_us_senate_2002.json,2002,state_house,us_senate,42,-13.98,-21.55,-7.57,DEM,DEM,False,10528,9255
2022,state_house_us_senate_2002.json,2002,state_house,us_senate,43,0.7,3.67,2.97,REP,REP,False,16316,16794
2022,state_house_us_senate_2002.json,2002,state_house,us_senate,44,0.11,-2.22,-2.33,REP,DEM,True,23428,22258
2022,state_house_us_senate_2002.json,2002,state_house,us_senate,45,-2.07,3.98,6.05,DEM,REP,True,7815,9834
2022,state_house_us_senate_2002.json,2002,state_house,us_senate,49,2.86,3.76,0.9,REP,REP,False,19465,20256
2022,state_house_us_senate_2002.json,2002,state_house,us_senate,53,32.29,32.3,0.01,REP,REP,False,11388,11325
2022,state_house_us_senate_2002.json,2002,state_house,us_senate,57,10.46,10.92,0.46,REP,REP,False,24563,24192
2022,state_house_us_senate_2002.json,2002,state_house,us_senate,58,-16.42,-19.48,-3.06,DEM,DEM,False,24195,22779
2022,state_house_us_senate_2002.json,2002,state_house,us_senate,59,15.92,17.11,1.19,REP,REP,False,16598,18628
2022,state_house_us_senate_2002.json,2002,state_house,us_senate,60,8.71,5.87,-2.84,REP,REP,False,20930,19708
2022,state_house_us_senate_2002.json,2002,state_house,us_senate,61,-28.24,-35.34,-7.1,DEM,DEM,False,24598,22086
2022,state_house_us_senate_2002.json,2002,state_house,us_senate,62,24.59,26.77,2.18,REP,REP,False,19802,23237
2022,state_house_us_senate_2002.json,2002,state_house,us_senate,66,-1.31,-2.38,-1.07,DEM,DEM,False,25754,24487
2022,state_house_us_senate_2002.json,2002,state_house,us_senate,72,-25.16,-25.2,-0.04,DEM,DEM,False,22444,22467
2022,state_house_us_senate_2002.json,2002,state_house,us_senate,73,22.58,22.57,-0.01,REP,REP,False,11217,11216
2022,state_house_us_senate_2002.json,2002,state_house,us_senate,75,30.6,30.64,0.04,REP,REP,False,18736,18806
2022,state_house_us_senate_2002.json,2002,state_house,us_senate,80,35.48,35.47,-0.01,REP,REP,False,22162,22150
2022,state_house_us_senate_2002.json,2002,state_house,us_senate,81,15.37,15.36,-0.01,REP,REP,False,22088,22086
2022,state_house_us_senate_2002.json,2002,state_house,us_senate,88,-26.8,-23.48,3.32,DEM,DEM,False,14481,16036
2022,state_house_us_senate_2002.json,2002,state_house,us_senate,91,26.17,26.26,0.09,REP,REP,False,24529,24506
2022,state_house_us_senate_2002.json,2002,state_house,us_senate,92,0.91,-3.39,-4.3,REP,DEM,True,8246,9166
2022,state_house_us_senate_2002.json,2002,state_house,us_senate,97,22.78,22.77,-0.01,REP,REP,False,20345,20340
2022,state_house_us_senate_2002.json,2002,state_house,us_senate,98,30.49,31.2,0.71,REP,REP,False,13937,13944
2022,state_house_us_senate_2002.json,2002,state_house,us_senate,99,-46.2,-46.25,-0.05,DEM,DEM,False,11080,10961
2022,state_house_us_senate_2002.json,2002,state_house,us_senate,100,-20.28,-20.08,0.2,DEM,DEM,False,15005,14906
2022,state_house_us_senate_2002.json,2002,state_house,us_senate,101,-18.38,-18.13,0.25,DEM,DEM,False,13985,13872
2022,state_house_us_senate_2002.json,2002,state_house,us_senate,102,-44.73,-46.19,-1.46,DEM,DEM,False,16086,14980
2022,state_house_us_senate_2002.json,2002,state_house,us_senate,103,37.29,37.73,0.44,REP,REP,False,23095,24188
2022,state_house_us_senate_2002.json,2002,state_house,us_senate,104,26.37,26.67,0.3,REP,REP,False,27153,27024
2022,state_house_us_senate_2002.json,2002,state_house,us_senate,105,30.1,30.5,0.4,REP,REP,False,17852,15357
2022,state_house_us_senate_2002.json,2002,state_house,us_senate,106,12.23,12.21,-0.02,REP,REP,False,10724,11330
2022,state_house_us_senate_2002.json,2002,state_house,us_senate,107,-34.52,-37.41,-2.89,DEM,DEM,False,13684,12698
2022,state_house_us_senate_2002.json,2002,state_house,us_senate,108,7.55,34.05,26.5,REP,REP,False,15690,14225
2022,state_house_us_senate_2002.json,2002,state_house,us_senate,109,7.56,30.54,22.98,REP,REP,False,17314,17868
2022,state_house_us_senate_2002.json,2002,state_house,us_senate,110,-28.96,14.36,43.32,DEM,REP,True,18623,19544
2022,state_house_us_senate_2002.json,2002,state_house,us_senate,111,13.12,13.11,-0.01,REP,REP,False,23314,23310
2022,state_house_us_senate_2002.json,2002,state_house,us_senate,112,13.38,11.7,-1.68,REP,REP,False,16247,17116
2022,state_senate_us_senate_2002.json,2002,state_senate,us_senate,7,14.74,14.95,0.21,REP,REP,False,49224,49704
2022,state_senate_us_senate_2002.json,2002,state_senate,us_senate,8,-2.32,-2.74,-0.42,DEM,DEM,False,44952,44471
2022,state_senate_us_senate_2002.json,2002,state_senate,us_senate,10,27.82,27.81,-0.01,REP,REP,False,35994,35969
2022,state_senate_us_senate_2002.json,2002,state_senate,us_senate,12,15.68,15.66,-0.02,REP,REP,False,35319,35229
2022,state_senate_us_senate_2002.json,2002,state_senate,us_senate,13,14.55,13.34,-1.21,REP,REP,False,58085,54441
2022,state_senate_us_senate_2002.json,2002,state_senate,us_senate,14,-16.18,-16.69,-0.51,DEM,DEM,False,38145,35963
2022,state_senate_us_senate_2002.json,2002,state_senate,us_senate,15,0.91,-0.03,-0.94,REP,DEM,True,53475,53812
2022,state_senate_us_senate_2002.json,2002,state_senate,us_senate,16,19.56,18.8,-0.76,REP,REP,False,32726,31038
2022,state_senate_us_senate_2002.json,2002,state_senate,us_senate,17,28.9,28.34,-0.56,REP,REP,False,24995,30077
2022,state_senate_us_senate_2002.json,2002,state_senate,us_senate,18,16.61,18.01,1.4,REP,REP,False,30209,32389
2022,state_senate_us_senate_2002.json,2002,state_senate,us_senate,19,1.39,3.04,1.65,REP,REP,False,34601,38751
2022,state_senate_us_senate_2002.json,2002,state_senate,us_senate,21,11.77,11.33,-0.44,REP,REP,False,49518,45418
2022,state_senate_us_senate_2002.json,2002,state_senate,us_senate,22,-22.15,-22.17,-0.02,DEM,DEM,False,40525,40504
2022,state_senate_us_senate_2002.json,2002,state_senate,us_senate,26,14.56,16.01,1.45,REP,REP,False,48490,53152
2022,state_senate_us_senate_2002.json,2002,state_senate,us_senate,27,16.08,16.7,0.62,REP,REP,False,47895,49910
2022,state_senate_us_senate_2002.json,2002,state_senate,us_senate,28,-19.63,-25.96,-6.33,DEM,DEM,False,60907,54179
2022,state_senate_us_senate_2002.json,2002,state_senate,us_senate,31,14.54,14.58,0.04,REP,REP,False,51792,51861
2022,state_senate_us_senate_2002.json,2002,state_senate,us_senate,34,29.48,29.49,0.01,REP,REP,False,38004,38002
2022,state_senate_us_senate_2002.json,2002,state_senate,us_senate,37,30.89,31.03,0.14,REP,REP,False,39641,39853
2022,state_senate_us_senate_2002.json,2002,state_senate,us_senate,38,-31.69,-31.87,-0.18,DEM,DEM,False,33507,32211
2022,state_senate_us_senate_2002.json,2002,state_senate,us_senate,39,2.33,1.78,-0.55,REP,REP,False,37447,40078
2022,state_senate_us_senate_2002.json,2002,state_senate,us_senate,40,-6.6,-7.31,-0.71,DEM,DEM,False,36369,37807
2022,state_senate_us_senate_2002.json,2002,state_senate,us_senate,41,-13.11,-13.26,-0.15,DEM,DEM,False,33948,33410
2022,state_senate_us_senate_2002.json,2002,state_senate,us_senate,42,30.29,31.76,1.47,REP,REP,False,54715,52276
2022,state_senate_us_senate_2002.json,2002,state_senate,us_senate,43,28.8,28.33,-0.47,REP,REP,False,38602,39185
2022,state_senate_us_senate_2002.json,2002,state_senate,us_senate,44,16.64,16.87,0.23,REP,REP,False,50308,49725
2022,state_house_president_2004.json,2004,state_house,president,6,26.46,26.4,-0.06,REP,REP,False,22570,22480
2022,state_house_president_2004.json,2004,state_house,president,11,-2.94,-3.39,-0.45,DEM,DEM,False,30405,31241
2022,state_house_president_2004.json,2004,state_house,president,18,-5.89,-1.87,4.02,DEM,DEM,False,27627,30129
2022,state_house_president_2004.json,2004,state_house,president,19,25.37,24.78,-0.59,REP,REP,False,31332,29143
2022,state_house_president_2004.json,2004,state_house,president,20,20.47,19.74,-0.73,REP,REP,False,37722,37408
2022,state_house_president_2004.json,2004,state_house,president,21,12.99,11.74,-1.25,REP,REP,False,9740,9912
2022,state_house_president_2004.json,2004,state_house,president,31,-46.44,-46.53,-0.09,DEM,DEM,False,22573,22543
2022,state_house_president_2004.json,2004,state_house,president,33,5.83,8.11,2.28,REP,REP,False,27863,23340
2022,state_house_president_2004.json,2004,state_house,president,34,2.35,2.02,-0.33,REP,REP,False,44666,42669
2022,state_house_president_2004.json,2004,state_house,president,35,25.88,25.27,-0.61,REP,REP,False,13086,17365
2022,state_house_president_2004.json,2004,state_house,president,36,17.61,19.98,2.37,REP,REP,False,21566,23209
2022,state_house_president_2004.json,2004,state_house,president,37,29.88,25.5,-4.38,REP,REP,False,15727,20859
2022,state_house_president_2004.json,2004,state_house,president,38,-56.61,-62.51,-5.9,DEM,DEM,False,27527,25565
2022,state_house_president_2004.json,2004,state_house,president,39,6.81,1.54,-5.27,REP,REP,False,22115,20204
2022,state_house_president_2004.json,2004,state_house,president,40,17.89,18.0,0.11,REP,REP,False,39651,37115
2022,state_house_president_2004.json,2004,state_house,president,41,7.83,7.75,-0.08,REP,REP,False,38763,36829
2022,state_house_president_2004.json,2004,state_house,president,42,-5.46,-12.53,-7.07,DEM,DEM,False,18666,16564
2022,state_house_president_2004.json,2004,state_house,president,43,9.7,14.04,4.34,REP,REP,False,27271,28382
2022,state_house_president_2004.json,2004,state_house,president,44,1.9,-3.5,-5.4,REP,DEM,True,35301,33905
2022,state_house_president_2004.json,2004,state_house,president,45,7.3,16.0,8.7,REP,REP,False,13932,16410
2022,state_house_president_2004.json,2004,state_house,president,49,-5.02,-3.82,1.2,DEM,DEM,False,29095,31248
2022,state_house_president_2004.json,2004,state_house,president,53,38.08,38.13,0.05,REP,REP,False,17972,17873
2022,state_house_president_2004.json,2004,state_house,president,57,8.97,9.8,0.83,REP,REP,False,35861,36808
2022,state_house_president_2004.json,2004,state_house,president,58,-14.46,-20.22,-5.76,DEM,DEM,False,37458,33802
2022,state_house_president_2004.json,2004,state_house,president,59,25.54,28.61,3.07,REP,REP,False,26126,30564
2022,state_house_president_2004.json,2004,state_house,president,60,2.91,-1.71,-4.62,REP,DEM,True,31575,29136
2022,state_house_president_2004.json,2004,state_house,president,61,-33.0,-41.63,-8.63,DEM,DEM,False,40216,36206
2022,state_house_president_2004.json,2004,state_house,president,62,21.82,25.25,3.43,REP,REP,False,28221,32854
2022,state_house_president_2004.json,2004,state_house,president,66,-10.06,-10.67,-0.61,DEM,DEM,False,38975,39750
2022,state_house_president_2004.json,2004,state_house,president,70,49.01,49.0,-0.01,REP,REP,False,30617,30608
2022,state_house_president_2004.json,2004,state_house,president,72,-29.41,-29.43,-0.02,DEM,DEM,False,30725,30757
2022,state_house_president_2004.json,2004,state_house,president,75,33.88,33.93,0.05,REP,REP,False,28910,29021
2022,state_house_president_2004.json,2004,state_house,president,80,48.93,48.94,0.01,REP,REP,False,30211,30192
2022,state_house_president_2004.json,2004,state_house,president,88,-26.41,-25.37,1.04,DEM,DEM,False,25752,23866
2022,state_house_president_2004.json,2004,state_house,president,91,37.14,37.22,0.08,REP,REP,False,35747,35716
2022,state_house_president_2004.json,2004,state_house,president,92,-2.23,-6.83,-4.6,DEM,DEM,False,13407,15291
2022,state_house_president_2004.json,2004,state_house,president,97,35.88,35.87,-0.01,REP,REP,False,29445,29436
2022,state_house_president_2004.json,2004,state_house,president,98,28.82,27.97,-0.85,REP,REP,False,23665,26121
2022,state_house_president_2004.json,2004,state_house,president,99,-47.86,-47.43,0.43,DEM,DEM,False,18768,19980
2022,state_house_president_2004.json,2004,state_house,president,100,-28.88,-28.85,0.03,DEM,DEM,False,23902,23943
2022,state_house_president_2004.json,2004,state_house,president,101,-22.86,-22.82,0.04,DEM,DEM,False,23589,23607
2022,state_house_president_2004.json,2004,state_house,president,103,31.68,31.42,-0.26,REP,REP,False,35963,38285
2022,state_house_president_2004.json,2004,state_house,president,104,23.38,23.37,-0.01,REP,REP,False,34819,34810
2022,state_house_president_2004.json,2004,state_house,president,105,22.86,22.51,-0.35,REP,REP,False,29697,27337
2022,state_house_president_2004.json,2004,state_house,president,106,7.98,4.49,-3.49,REP,REP,False,18567,17720
2022,state_house_president_2004.json,2004,state_house,president,107,-33.74,-35.01,-1.27,DEM,DEM,False,23636,20802
2022,state_house_president_2004.json,2004,state_house,president,108,36.07,43.8,7.73,REP,REP,False,22008,22004
2022,state_house_president_2004.json,2004,state_house,president,109,36.07,34.48,-1.59,REP,REP,False,25252,25250
2022,state_house_president_2004.json,2004,state_house,president,110,29.27,25.96,-3.31,REP,REP,False,29143,29163
2022,state_house_president_2004.json,2004,state_house,president,111,28.97,28.96,-0.01,REP,REP,False,34325,34320
2022,state_house_president_2004.json,2004,state_house,president,112,7.61,7.62,0.01,REP,REP,False,26688,26699
2022,state_house_president_2004.json,2004,state_house,president,114,-17.3,-8.0,9.3,DEM,DEM,False,36172,37563
2022,state_house_president_2004.json,2004,state_house,president,115,17.34,17.35,0.01,REP,REP,False,31571,31579
2022,state_house_president_2004.json,2004,state_house,president,116,3.78,-5.12,-8.9,REP,DEM,True,37278,35910
2022,state_house_president_2004.json,2004,state_house,president,118,12.01,12.0,-0.01,REP,REP,False,35395,35387
2022,state_senate_president_2004.json,2004,state_senate,president,7,14.15,14.32,0.17,REP,REP,False,75309,75993
2022,state_senate_president_2004.json,2004,state_senate,president,8,11.64,11.41,-0.23,REP,REP,False,65141,64457
2022,state_senate_president_2004.json,2004,state_senate,president,12,25.64,25.63,-0.01,REP,REP,False,53755,53601
2022,state_senate_president_2004.json,2004,state_senate,president,13,2.46,0.92,-1.54,REP,REP,False,88440,85193
2022,state_senate_president_2004.json,2004,state_senate,president,14,-20.03,-22.46,-2.43,DEM,DEM,False,54714,49415
2022,state_senate_president_2004.json,2004,state_senate,president,15,-6.67,-8.02,-1.35,DEM,DEM,False,80027,78904
2022,state_senate_president_2004.json,2004,state_senate,president,16,7.21,7.16,-0.05,REP,REP,False,52913,52253
2022,state_senate_president_2004.json,2004,state_senate,president,17,25.13,23.33,-1.8,REP,REP,False,41500,48757
2022,state_senate_president_2004.json,2004,state_senate,president,18,15.31,17.57,2.26,REP,REP,False,50180,53383
2022,state_senate_president_2004.json,2004,state_senate,president,19,9.51,11.49,1.98,REP,REP,False,57525,64317
2022,state_senate_president_2004.json,2004,state_senate,president,21,11.84,10.27,-1.57,REP,REP,False,76039,69339
2022,state_senate_president_2004.json,2004,state_senate,president,22,-33.07,-33.09,-0.02,DEM,DEM,False,63833,63800
2022,state_senate_president_2004.json,2004,state_senate,president,26,26.08,27.82,1.74,REP,REP,False,71081,82182
2022,state_senate_president_2004.json,2004,state_senate,president,27,14.39,13.98,-0.41,REP,REP,False,73375,71939
2022,state_senate_president_2004.json,2004,state_senate,president,28,-24.27,-31.8,-7.53,DEM,DEM,False,92413,82668
2022,state_senate_president_2004.json,2004,state_senate,president,29,25.99,25.98,-0.01,REP,REP,False,83082,83072
2022,state_senate_president_2004.json,2004,state_senate,president,31,21.67,21.7,0.03,REP,REP,False,77021,77133
2022,state_senate_president_2004.json,2004,state_senate,president,32,3.77,3.78,0.01,REP,REP,False,81424,81428
2022,state_senate_president_2004.json,2004,state_senate,president,37,36.69,36.4,-0.29,REP,REP,False,66149,67630
2022,state_senate_president_2004.json,2004,state_senate,president,38,-35.28,-37.97,-2.69,DEM,DEM,False,54707,50814
2022,state_senate_president_2004.json,2004,state_senate,president,39,-2.63,-2.44,0.19,DEM,DEM,False,57027,57321
2022,state_senate_president_2004.json,2004,state_senate,president,40,-13.08,-13.56,-0.48,DEM,DEM,False,62101,63222
2022,state_senate_president_2004.json,2004,state_senate,president,41,-12.43,-11.99,0.44,DEM,DEM,False,57717,59043
2022,state_senate_president_2004.json,2004,state_senate,president,42,25.12,25.1,-0.02,REP,REP,False,82382,82064
2022,state_senate_president_2004.json,2004,state_senate,president,43,35.35,35.36,0.01,REP,REP,False,58199,58239
2022,state_senate_president_2004.json,2004,state_senate,president,44,29.86,29.84,-0.02,REP,REP,False,72071,72032
2022,state_senate_president_2004.json,2004,state_senate,president,46,21.94,14.7,-7.24,REP,REP,False,72247,73506
2022,state_senate_president_2004.json,2004,state_senate,president,47,19.21,19.2,-0.01,REP,REP,False,96597,96590
2022,state_senate_president_2004.json,2004,state_senate,president,49,-3.51,2.89,6.4,DEM,REP,True,79488,78261
2022,state_house_governor_2004.json,2004,state_house,governor,6,-5.89,-5.91,-0.02,DEM,DEM,False,22446,22353
2022,state_house_governor_2004.json,2004,state_house,governor,11,-21.16,-21.88,-0.72,DEM,DEM,False,30244,31070
2022,state_house_governor_2004.json,2004,state_house,governor,18,-21.81,-18.82,2.99,DEM,DEM,False,27590,30098
2022,state_house_governor_2004.json,2004,state_house,governor,19,-9.06,-10.37,-1.31,DEM,DEM,False,31242,29049
2022,state_house_governor_2004.json,2004,state_house,governor,20,-1.66,-2.12,-0.46,DEM,DEM,False,37698,37380
2022,state_house_governor_2004.json,2004,state_house,governor,21,-10.2,-11.88,-1.68,DEM,DEM,False,9722,9888
2022,state_house_governor_2004.json,2004,state_house,governor,31,-55.44,-55.51,-0.07,DEM,DEM,False,22572,22541
2022,state_house_governor_2004.json,2004,state_house,governor,33,-14.79,-13.9,0.89,DEM,DEM,False,28085,23542
2022,state_house_governor_2004.json,2004,state_house,governor,34,-20.09,-20.25,-0.16,DEM,DEM,False,44736,42722
2022,state_house_governor_2004.json,2004,state_house,governor,35,0.08,-1.03,-1.11,REP,DEM,True,13195,17535
2022,state_house_governor_2004.json,2004,state_house,governor,36,-6.41,-4.36,2.05,DEM,DEM,False,21637,23300
2022,state_house_governor_2004.json,2004,state_house,governor,37,0.22,-1.49,-1.71,REP,DEM,True,15941,21142
2022,state_house_governor_2004.json,2004,state_house,governor,38,-63.28,-67.79,-4.51,DEM,DEM,False,27344,25359
2022,state_house_governor_2004.json,2004,state_house,governor,39,-18.0,-21.79,-3.79,DEM,DEM,False,22349,20399
2022,state_house_governor_2004.json,2004,state_house,governor,40,-7.59,-7.53,0.06,DEM,DEM,False,39824,37266
2022,state_house_governor_2004.json,2004,state_house,governor,41,-15.7,-15.91,-0.21,DEM,DEM,False,38795,36866
2022,state_house_governor_2004.json,2004,state_house,governor,42,-27.8,-31.71,-3.91,DEM,DEM,False,18692,16538
2022,state_house_governor_2004.json,2004,state_house,governor,43,-21.75,-19.84,1.91,DEM,DEM,False,27535,28650
2022,state_house_governor_2004.json,2004,state_house,governor,44,-26.82,-30.54,-3.72,DEM,DEM,False,35564,34131
2022,state_house_governor_2004.json,2004,state_house,governor,45,-22.99,-15.68,7.31,DEM,DEM,False,14018,16580
2022,state_house_governor_2004.json,2004,state_house,governor,49,-25.51,-24.36,1.15,DEM,DEM,False,28997,31130
2022,state_house_governor_2004.json,2004,state_house,governor,53,7.83,7.87,0.04,REP,REP,False,18010,17909
2022,state_house_governor_2004.json,2004,state_house,governor,57,-15.05,-14.39,0.66,DEM,DEM,False,35651,36584
2022,state_house_governor_2004.json,2004,state_house,governor,58,-32.73,-37.17,-4.44,DEM,DEM,False,37238,33592
2022,state_house_governor_2004.json,2004,state_house,governor,59,-3.85,-2.02,1.83,DEM,DEM,False,26130,30568
2022,state_house_governor_2004.json,2004,state_house,governor,60,-20.95,-24.38,-3.43,DEM,DEM,False,31477,29040
2022,state_house_governor_2004.json,2004,state_house,governor,61,-46.19,-52.8,-6.61,DEM,DEM,False,39796,35789
2022,state_house_governor_2004.json,2004,state_house,governor,62,-4.29,-1.22,3.07,DEM,DEM,False,28113,32748
2022,state_house_governor_2004.json,2004,state_house,governor,66,-26.76,-27.27,-0.51,DEM,DEM,False,38502,39284
2022,state_house_governor_2004.json,2004,state_house,governor,72,-41.94,-41.95,-0.01,DEM,DEM,False,30433,30465
2022,state_house_governor_2004.json,2004,state_house,governor,75,3.94,3.98,0.04,REP,REP,False,28964,29076
2022,state_house_governor_2004.json,2004,state_house,governor,88,-38.17,-37.33,0.84,DEM,DEM,False,25146,23298
2022,state_house_governor_2004.json,2004,state_house,governor,91,3.65,3.7,0.05,REP,REP,False,36169,36136
2022,state_house_governor_2004.json,2004,state_house,governor,92,-19.23,-22.83,-3.6,DEM,DEM,False,13298,15146
2022,state_house_governor_2004.json,2004,state_house,governor,97,6.48,6.49,0.01,REP,REP,False,29549,29541
2022,state_house_governor_2004.json,2004,state_house,governor,98,9.84,9.18,-0.66,REP,REP,False,23393,25842
2022,state_house_governor_2004.json,2004,state_house,governor,99,-56.59,-56.18,0.41,DEM,DEM,False,18345,19528
2022,state_house_governor_2004.json,2004,state_house,governor,100,-41.76,-41.72,0.04,DEM,DEM,False,23520,23560
2022,state_house_governor_2004.json,2004,state_house,governor,101,-37.98,-37.94,0.04,DEM,DEM,False,23274,23292
2022,state_house_governor_2004.json,2004,state_house,governor,102,-57.08,-57.09,-0.01,DEM,DEM,False,23954,23951
2022,state_house_governor_2004.json,2004,state_house,governor,103,12.27,11.98,-0.29,REP,REP,False,35909,38233
2022,state_house_governor_2004.json,2004,state_house,governor,105,6.07,5.98,-0.09,REP,REP,False,29526,27168
2022,state_house_governor_2004.json,2004,state_house,governor,106,-8.71,-11.93,-3.22,DEM,DEM,False,18444,17577
2022,state_house_governor_2004.json,2004,state_house,governor,107,-44.96,-46.16,-1.2,DEM,DEM,False,23148,20367
2022,state_house_governor_2004.json,2004,state_house,governor,108,7.71,13.76,6.05,REP,REP,False,22061,22057
2022,state_house_governor_2004.json,2004,state_house,governor,109,7.92,7.96,0.04,REP,REP,False,25304,25302
2022,state_house_governor_2004.json,2004,state_house,governor,110,-1.23,-4.63,-3.4,DEM,DEM,False,29168,29186
2022,state_house_governor_2004.json,2004,state_house,governor,112,-10.01,-9.99,0.02,DEM,DEM,False,26519,26530
2022,state_house_governor_2004.json,2004,state_house,governor,114,-30.14,-22.91,7.23,DEM,DEM,False,34810,36327
2022,state_house_governor_2004.json,2004,state_house,governor,115,-6.4,-6.03,0.37,DEM,DEM,False,30945,30961
2022,state_house_governor_2004.json,2004,state_house,governor,116,-16.12,-23.38,-7.26,DEM,DEM,False,36219,34719
2022,state_house_governor_2004.json,2004,state_house,governor,117,7.79,7.8,0.01,REP,REP,False,34296,34273
2022,state_senate_governor_2004.json,2004,state_senate,governor,7,-6.68,-6.54,0.14,DEM,DEM,False,75239,75925
2022,state_senate_governor_2004.json,2004,state_senate,governor,8,-20.31,-20.62,-0.31,DEM,DEM,False,64695,64010
2022,state_senate_governor_2004.json,2004,state_senate,governor,13,-18.77,-19.83,-1.06,DEM,DEM,False,88576,85292
2022,state_senate_governor_2004.json,2004,state_senate,governor,14,-36.92,-38.82,-1.9,DEM,DEM,False,54890,49565
2022,state_senate_governor_2004.json,2004,state_senate,governor,15,-25.24,-26.22,-0.98,DEM,DEM,False,79748,78585
2022,state_senate_governor_2004.json,2004,state_senate,governor,16,-16.15,-16.29,-0.14,DEM,DEM,False,52871,52204
2022,state_senate_governor_2004.json,2004,state_senate,governor,17,-0.85,-2.39,-1.54,DEM,DEM,False,41927,49218
2022,state_senate_governor_2004.json,2004,state_senate,governor,18,-11.94,-10.25,1.69,DEM,DEM,False,50503,53780
2022,state_senate_governor_2004.json,2004,state_senate,governor,19,-21.33,-20.09,1.24,DEM,DEM,False,58033,64919
2022,state_senate_governor_2004.json,2004,state_senate,governor,21,-13.84,-14.25,-0.41,DEM,DEM,False,75623,68831
2022,state_senate_governor_2004.json,2004,state_senate,governor,22,-45.81,-45.84,-0.03,DEM,DEM,False,63771,63739
2022,state_senate_governor_2004.json,2004,state_senate,governor,26,-8.0,-6.16,1.84,DEM,DEM,False,70944,81998
2022,state_senate_governor_2004.json,2004,state_senate,governor,27,-11.28,-11.25,0.03,DEM,DEM,False,73228,71813
2022,state_senate_governor_2004.json,2004,state_senate,governor,28,-39.99,-45.75,-5.76,DEM,DEM,False,91544,81823
2022,state_senate_governor_2004.json,2004,state_senate,governor,31,-6.45,-6.42,0.03,DEM,DEM,False,77373,77485
2022,state_senate_governor_2004.json,2004,state_senate,governor,37,7.39,7.37,-0.02,REP,REP,False,65891,67375
2022,state_senate_governor_2004.json,2004,state_senate,governor,38,-45.11,-47.55,-2.44,DEM,DEM,False,53518,49656
2022,state_senate_governor_2004.json,2004,state_senate,governor,39,-18.34,-18.19,0.15,DEM,DEM,False,56322,56613
2022,state_senate_governor_2004.json,2004,state_senate,governor,40,-27.66,-28.04,-0.38,DEM,DEM,False,61369,62463
2022,state_senate_governor_2004.json,2004,state_senate,governor,41,-27.74,-27.27,0.47,DEM,DEM,False,56780,58101
2022,state_senate_governor_2004.json,2004,state_senate,governor,42,7.32,7.31,-0.01,REP,REP,False,82089,81772
2022,state_senate_governor_2004.json,2004,state_senate,governor,43,7.96,7.97,0.01,REP,REP,False,58206,58244
2022,state_senate_governor_2004.json,2004,state_senate,governor,44,-1.91,-1.92,-0.01,DEM,DEM,False,72429,72390
2022,state_senate_governor_2004.json,2004,state_senate,governor,46,-0.57,-5.44,-4.87,DEM,DEM,False,72949,73948
2022,state_senate_governor_2004.json,2004,state_senate,governor,49,-21.18,-16.71,4.47,DEM,DEM,False,77036,76067
2024,state_house_president_2004.json,2004,state_house,president,1,17.67,17.08,-0.59,REP,REP,False,32714,32167
2024,state_house_president_2004.json,2004,state_house,president,2,5.83,4.88,-0.95,REP,REP,False,37519,35136
2024,state_house_president_2004.json,2004,state_house,president,3,25.43,26.07,0.64,REP,REP,False,33998,33238
2024,state_house_president_2004.json,2004,state_house,president,4,15.71,17.13,1.42,REP,REP,False,26005,27374
2024,state_house_president_2004.json,2004,state_house,president,5,-8.17,-5.5,2.67,DEM,DEM,False,29662,29663
2024,state_house_president_2004.json,2004,state_house,president,6,26.18,26.76,0.58,REP,REP,False,19687,23385
2024,state_house_president_2004.json,2004,state_house,president,7,13.27,9.06,-4.21,REP,REP,False,26413,24094
2024,state_house_president_2004.json,2004,state_house,president,8,-13.61,-13.87,-0.26,DEM,DEM,False,25216,25168
2024,state_house_president_2004.json,2004,state_house,president,9,25.36,25.14,-0.22,REP,REP,False,28426,28471
2024,state_house_president_2004.json,2004,state_house,president,10,16.71,26.7,9.99,REP,REP,False,30624,29248
2024,state_house_president_2004.json,2004,state_house,president,11,7.46,5.66,-1.8,REP,REP,False,44153,39829
2024,state_house_president_2004.json,2004,state_house,president,12,9.07,13.4,4.33,REP,REP,False,34164,34158
2024,state_house_president_2004.json,2004,state_house,president,13,37.84,36.17,-1.67,REP,REP,False,29334,30084
2024,state_house_president_2004.json,2004,state_house,president,14,33.79,31.98,-1.81,REP,REP,False,14056,14098
2024,state_house_president_2004.json,2004,state_house,president,15,44.05,42.2,-1.85,REP,REP,False,18167,18592
2024,state_house_president_2004.json,2004,state_house,president,16,25.41,24.55,-0.86,REP,REP,False,21752,21669
2024,state_house_president_2004.json,2004,state_house,president,17,17.22,16.69,-0.53,REP,REP,False,24706,22872
2024,state_house_president_2004.json,2004,state_house,president,18,-10.73,-11.01,-0.28,DEM,DEM,False,32342,31482
2024,state_house_president_2004.json,2004,state_house,president,19,27.48,27.14,-0.34,REP,REP,False,28534,31760
2024,state_house_president_2004.json,2004,state_house,president,20,27.01,26.67,-0.34,REP,REP,False,33642,33124
2024,state_house_president_2004.json,2004,state_house,president,21,22.37,18.89,-3.48,REP,REP,False,10253,16588
2024,state_house_president_2004.json,2004,state_house,president,22,8.83,8.75,-0.08,REP,REP,False,34601,34618
2024,state_house_president_2004.json,2004,state_house,president,23,-14.07,-16.07,-2.0,DEM,DEM,False,39564,39567
2024,state_house_president_2004.json,2004,state_house,president,24,7.93,8.89,0.96,REP,REP,False,32341,32470
2024,state_house_president_2004.json,2004,state_house,president,25,13.31,15.03,1.72,REP,REP,False,35867,35641
2024,state_house_president_2004.json,2004,state_house,president,26,35.11,32.29,-2.82,REP,REP,False,20489,16725
2024,state_house_president_2004.json,2004,state_house,president,27,-21.01,-22.44,-1.43,DEM,DEM,False,36444,36444
2024,state_house_president_2004.json,2004,state_house,president,28,39.23,36.25,-2.98,REP,REP,False,27045,29771
2024,state_house_president_2004.json,2004,state_house,president,29,-37.69,-39.47,-1.78,DEM,DEM,False,25514,30467
2024,state_house_president_2004.json,2004,state_house,president,30,-44.9,-44.53,0.37,DEM,DEM,False,39268,36714
2024,state_house_president_2004.json,2004,state_house,president,31,-48.79,-46.53,2.26,DEM,DEM,False,22563,22543
2024,state_house_president_2004.json,2004,state_house,president,32,-6.9,-4.44,2.46,DEM,DEM,False,28784,31002
2024,state_house_president_2004.json,2004,state_house,president,33,-10.45,-4.14,6.31,DEM,DEM,False,27265,23408
2024,state_house_president_2004.json,2004,state_house,president,34,1.81,-2.94,-4.75,REP,DEM,True,47850,43507
2024,state_house_president_2004.json,2004,state_house,president,35,35.41,28.59,-6.82,REP,REP,False,25062,30604
2024,state_house_president_2004.json,2004,state_house,president,36,25.53,22.37,-3.16,REP,REP,False,18635,21959
2024,state_house_president_2004.json,2004,state_house,president,37,33.1,26.75,-6.35,REP,REP,False,21549,22361
2024,state_house_president_2004.json,2004,state_house,president,38,-51.39,-59.01,-7.62,DEM,DEM,False,31070,24972
2024,state_house_president_2004.json,2004,state_house,president,39,8.1,1.49,-6.61,REP,REP,False,16821,19997
2024,state_house_president_2004.json,2004,state_house,president,40,12.0,8.17,-3.83,REP,REP,False,42037,40652
2024,state_house_president_2004.json,2004,state_house,president,41,12.51,6.51,-6.0,REP,REP,False,19047,16155
2024,state_house_president_2004.json,2004,state_house,president,42,-22.16,-24.97,-2.81,DEM,DEM,False,19236,16920
2024,state_house_president_2004.json,2004,state_house,president,43,19.85,22.03,2.18,REP,REP,False,17729,28687
2024,state_house_president_2004.json,2004,state_house,president,44,-1.12,-3.73,-2.61,DEM,DEM,False,41742,33170
2024,state_house_president_2004.json,2004,state_house,president,45,13.17,15.13,1.96,REP,REP,False,16520,16487
2024,state_house_president_2004.json,2004,state_house,president,46,9.33,7.43,-1.9,REP,REP,False,30036,30379
2024,state_house_president_2004.json,2004,state_house,president,47,-14.22,-15.34,-1.12,DEM,DEM,False,25027,24674
2024,state_house_president_2004.json,2004,state_house,president,48,-7.84,-7.92,-0.08,DEM,DEM,False,22635,22596
2024,state_house_president_2004.json,2004,state_house,president,49,-11.26,-15.26,-4.0,DEM,DEM,False,35847,30590
2024,state_house_president_2004.json,2004,state_house,president,50,2.65,-24.57,-27.22,REP,DEM,True,43786,36125
2024,state_house_president_2004.json,2004,state_house,president,51,23.52,23.07,-0.45,REP,REP,False,26918,26260
2024,state_house_president_2004.json,2004,state_house,president,52,6.37,11.18,4.81,REP,REP,False,30340,30846
2024,state_house_president_2004.json,2004,state_house,president,53,38.17,38.27,0.1,REP,REP,False,19709,17197
2024,state_house_president_2004.json,2004,state_house,president,54,11.66,15.93,4.27,REP,REP,False,28440,19107
2024,state_house_president_2004.json,2004,state_house,president,55,14.41,15.78,1.37,REP,REP,False,32878,30678
2024,state_house_president_2004.json,2004,state_house,president,56,-37.61,-34.5,3.11,DEM,DEM,False,29803,37380
2024,state_house_president_2004.json,2004,state_house,president,57,-10.74,-8.55,2.19,DEM,DEM,False,34407,33636
2024,state_house_president_2004.json,2004,state_house,president,58,-31.04,-29.14,1.9,DEM,DEM,False,37298,31830
2024,state_house_president_2004.json,2004,state_house,president,59,38.77,38.81,0.04,REP,REP,False,30083,35691
2024,state_house_president_2004.json,2004,state_house,president,60,-5.09,-4.3,0.79,DEM,DEM,False,30728,28048
2024,state_house_president_2004.json,2004,state_house,president,61,-36.29,-34.94,1.35,DEM,DEM,False,42147,36953
2024,state_house_president_2004.json,2004,state_house,president,62,30.71,32.08,1.37,REP,REP,False,24657,33212
2024,state_house_president_2004.json,2004,state_house,president,63,19.79,20.81,1.02,REP,REP,False,27964,27787
2024,state_house_president_2004.json,2004,state_house,president,64,24.61,25.66,1.05,REP,REP,False,26213,26422
2024,state_house_president_2004.json,2004,state_house,president,65,22.49,22.43,-0.06,REP,REP,False,37388,37417
2024,state_house_president_2004.json,2004,state_house,president,66,8.61,-8.42,-17.03,REP,DEM,True,9255,28682
2024,state_house_president_2004.json,2004,state_house,president,67,31.01,32.54,1.53,REP,REP,False,35633,35637
2024,state_house_president_2004.json,2004,state_house,president,68,50.29,45.48,-4.81,REP,REP,False,14938,14528
2024,state_house_president_2004.json,2004,state_house,president,69,48.39,47.08,-1.31,REP,REP,False,22411,25026
2024,state_house_president_2004.json,2004,state_house,president,70,49.29,49.0,-0.29,REP,REP,False,31489,30608
2024,state_house_president_2004.json,2004,state_house,president,71,-8.83,-11.08,-2.25,DEM,DEM,False,32579,31027
2024,state_house_president_2004.json,2004,state_house,president,72,-27.39,-29.49,-2.1,DEM,DEM,False,33214,31352
2024,state_house_president_2004.json,2004,state_house,president,73,32.63,31.64,-0.99,REP,REP,False,24620,26830
2024,state_house_president_2004.json,2004,state_house,president,74,38.61,36.68,-1.93,REP,REP,False,32021,34090
2024,state_house_president_2004.json,2004,state_house,president,75,36.59,34.63,-1.96,REP,REP,False,28950,29783
2024,state_house_president_2004.json,2004,state_house,president,76,26.04,24.84,-1.2,REP,REP,False,31931,29438
2024,state_house_president_2004.json,2004,state_house,president,77,51.28,49.35,-1.93,REP,REP,False,37215,36706
2024,state_house_president_2004.json,2004,state_house,president,78,47.91,40.66,-7.25,REP,REP,False,33716,33751
2024,state_house_president_2004.json,2004,state_house,president,79,22.4,23.8,1.4,REP,REP,False,37069,37612
2024,state_house_president_2004.json,2004,state_house,president,80,50.05,49.43,-0.62,REP,REP,False,27227,29351
2024,state_house_president_2004.json,2004,state_house,president,81,35.04,34.31,-0.73,REP,REP,False,32267,30023
2024,state_house_president_2004.json,2004,state_house,president,82,42.78,42.04,-0.74,REP,REP,False,24164,19075
2024,state_house_president_2004.json,2004,state_house,president,83,44.42,42.07,-2.35,REP,REP,False,26755,32598
2024,state_house_president_2004.json,2004,state_house,president,84,32.82,28.06,-4.76,REP,REP,False,36213,21406
2024,state_house_president_2004.json,2004,state_house,president,85,36.46,32.48,-3.98,REP,REP,False,38109,38977
2024,state_house_president_2004.json,2004,state_house,president,86,23.39,23.36,-0.03,REP,REP,False,30762,30712
2024,state_house_president_2004.json,2004,state_house,president,87,37.63,34.48,-3.15,REP,REP,False,33208,33212
2024,state_house_president_2004.json,2004,state_house,president,88,-17.72,-20.29,-2.57,DEM,DEM,False,24107,25402
2024,state_house_president_2004.json,2004,state_house,president,89,39.34,38.74,-0.6,REP,REP,False,32892,28298
2024,state_house_president_2004.json,2004,state_house,president,90,41.8,38.88,-2.92,REP,REP,False,31723,34478
2024,state_house_president_2004.json,2004,state_house,president,91,33.11,29.98,-3.13,REP,REP,False,31778,32309
2024,state_house_president_2004.json,2004,state_house,president,92,-3.66,-6.32,-2.66,DEM,DEM,False,15851,14277
2024,state_house_president_2004.json,2004,state_house,president,93,21.3,12.8,-8.5,REP,REP,False,38839,38912
2024,state_house_president_2004.json,2004,state_house,president,94,41.6,39.43,-2.17,REP,REP,False,37023,34193
2024,state_house_president_2004.json,2004,state_house,president,95,41.07,40.97,-0.1,REP,REP,False,14299,33548
2024,state_house_president_2004.json,2004,state_house,president,96,32.91,32.89,-0.02,REP,REP,False,32256,32606
2024,state_house_president_2004.json,2004,state_house,president,97,35.9,35.87,-0.03,REP,REP,False,29579,29436
2024,state_house_president_2004.json,2004,state_house,president,98,32.33,28.69,-3.64,REP,REP,False,25329,26539
2024,state_house_president_2004.json,2004,state_house,president,99,-36.52,-38.96,-2.44,DEM,DEM,False,14027,17257
2024,state_house_president_2004.json,2004,state_house,president,100,4.36,1.72,-2.64,REP,REP,False,31364,29813
2024,state_house_president_2004.json,2004,state_house,president,101,7.31,4.71,-2.6,REP,REP,False,18816,22043
2024,state_house_president_2004.json,2004,state_house,president,102,-32.39,-34.76,-2.37,DEM,DEM,False,25102,23411
2024,state_house_president_2004.json,2004,state_house,president,103,27.9,25.3,-2.6,REP,REP,False,23056,23416
2024,state_house_president_2004.json,2004,state_house,president,104,21.18,18.63,-2.55,REP,REP,False,36230,34683
2024,state_house_president_2004.json,2004,state_house,president,105,39.52,36.65,-2.87,REP,REP,False,38636,39432
2024,state_house_president_2004.json,2004,state_house,president,106,-2.41,-5.62,-3.21,DEM,DEM,False,17903,17325
2024,state_house_president_2004.json,2004,state_house,president,107,-67.4,-68.56,-1.16,DEM,DEM,False,26209,24364
2024,state_house_president_2004.json,2004,state_house,president,108,42.76,40.06,-2.7,REP,REP,False,25072,23448
2024,state_house_president_2004.json,2004,state_house,president,109,37.26,34.44,-2.82,REP,REP,False,24874,25731
2024,state_house_president_2004.json,2004,state_house,president,110,24.46,27.7,3.24,REP,REP,False,28388,29606
2024,state_house_president_2004.json,2004,state_house,president,111,37.37,29.41,-7.96,REP,REP,False,30278,31951
2024,state_house_president_2004.json,2004,state_house,president,112,-34.09,-36.39,-2.3,DEM,DEM,False,26473,25152
2024,state_house_president_2004.json,2004,state_house,president,113,30.75,25.24,-5.51,REP,REP,False,39094,34151
2024,state_house_president_2004.json,2004,state_house,president,114,18.97,11.42,-7.55,REP,REP,False,35471,33160
2024,state_house_president_2004.json,2004,state_house,president,115,26.42,0.14,-26.28,REP,REP,False,34080,33951
2024,state_house_president_2004.json,2004,state_house,president,116,-26.61,-8.46,18.15,DEM,DEM,False,35435,37918
2024,state_house_president_2004.json,2004,state_house,president,117,30.08,29.39,-0.69,REP,REP,False,32713,34623
2024,state_house_president_2004.json,2004,state_house,president,118,13.58,12.0,-1.58,REP,REP,False,35395,35387
2024,state_house_president_2004.json,2004,state_house,president,119,16.0,11.72,-4.28,REP,REP,False,34806,34800
2024,state_house_president_2004.json,2004,state_house,president,120,33.84,30.91,-2.93,REP,REP,False,35077,35084
2024,state_senate_president_2004.json,2004,state_senate,president,1,1.76,1.95,0.19,REP,REP,False,77536,77536
2024,state_senate_president_2004.json,2004,state_senate,president,2,7.99,7.3,-0.69,REP,REP,False,82889,82891
2024,state_senate_president_2004.json,2004,state_senate,president,3,18.81,22.01,3.2,REP,REP,False,80458,80502
2024,state_senate_president_2004.json,2004,state_senate,president,4,10.67,16.87,6.2,REP,REP,False,77053,77063
2024,state_senate_president_2004.json,2004,state_senate,president,5,-0.66,-1.4,-0.74,DEM,DEM,False,74722,74722
2024,state_senate_president_2004.json,2004,state_senate,president,6,39.27,39.26,-0.01,REP,REP,False,37277,37287
2024,state_senate_president_2004.json,2004,state_senate,president,7,21.39,21.07,-0.32,REP,REP,False,71724,70850
2024,state_senate_president_2004.json,2004,state_senate,president,8,3.8,4.76,0.96,REP,REP,False,68694,69602
2024,state_senate_president_2004.json,2004,state_senate,president,9,12.41,12.97,0.56,REP,REP,False,71160,71229
2024,state_senate_president_2004.json,2004,state_senate,president,10,36.13,36.1,-0.03,REP,REP,False,54357,54445
2024,state_senate_president_2004.json,2004,state_senate,president,11,8.29,8.85,0.56,REP,REP,False,74268,74159
2024,state_senate_president_2004.json,2004,state_senate,president,12,27.08,25.63,-1.45,REP,REP,False,53735,53601
2024,state_senate_president_2004.json,2004,state_senate,president,13,29.04,23.77,-5.27,REP,REP,False,52521,54818
2024,state_senate_president_2004.json,2004,state_senate,president,14,-29.45,-30.98,-1.53,DEM,DEM,False,47941,46078
2024,state_senate_president_2004.json,2004,state_senate,president,15,-4.88,-11.61,-6.73,DEM,DEM,False,79376,73952
2024,state_senate_president_2004.json,2004,state_senate,president,16,3.12,0.21,-2.91,REP,REP,False,91276,86048
2024,state_senate_president_2004.json,2004,state_senate,president,17,16.89,13.01,-3.88,REP,REP,False,35527,38743
2024,state_senate_president_2004.json,2004,state_senate,president,18,21.83,18.24,-3.59,REP,REP,False,60803,68264
2024,state_senate_president_2004.json,2004,state_senate,president,19,-3.35,-5.29,-1.94,DEM,DEM,False,71887,62453
2024,state_senate_president_2004.json,2004,state_senate,president,20,-23.43,-25.54,-2.11,DEM,DEM,False,56957,70008
2024,state_senate_president_2004.json,2004,state_senate,president,21,26.92,25.02,-1.9,REP,REP,False,61721,71203
2024,state_senate_president_2004.json,2004,state_senate,president,22,-32.65,-33.86,-1.21,DEM,DEM,False,78616,65088
2024,state_senate_president_2004.json,2004,state_senate,president,23,-10.11,-21.41,-11.3,DEM,DEM,False,88804,88725
2024,state_senate_president_2004.json,2004,state_senate,president,24,-6.08,-6.65,-0.57,DEM,DEM,False,56506,56432
2024,state_senate_president_2004.json,2004,state_senate,president,25,30.07,28.58,-1.49,REP,REP,False,70523,68729
2024,state_senate_president_2004.json,2004,state_senate,president,26,32.71,32.87,0.16,REP,REP,False,73988,84361
2024,state_senate_president_2004.json,2004,state_senate,president,27,4.78,6.07,1.29,REP,REP,False,78993,76269
2024,state_senate_president_2004.json,2004,state_senate,president,28,-36.2,-33.78,2.42,DEM,DEM,False,83725,76160
2024,state_senate_president_2004.json,2004,state_senate,president,29,22.98,23.11,0.13,REP,REP,False,80893,82445
2024,state_senate_president_2004.json,2004,state_senate,president,30,44.51,43.32,-1.19,REP,REP,False,76172,76040
2024,state_senate_president_2004.json,2004,state_senate,president,31,40.11,38.1,-2.01,REP,REP,False,78333,83260
2024,state_senate_president_2004.json,2004,state_senate,president,32,-13.59,-15.81,-2.22,DEM,DEM,False,80209,75303
2024,state_senate_president_2004.json,2004,state_senate,president,33,37.67,36.61,-1.06,REP,REP,False,77420,77469
2024,state_senate_president_2004.json,2004,state_senate,president,34,35.84,34.5,-1.34,REP,REP,False,58020,58123
2024,state_senate_president_2004.json,2004,state_senate,president,35,47.3,44.44,-2.86,REP,REP,False,52917,53132
2024,state_senate_president_2004.json,2004,state_senate,president,36,44.37,41.98,-2.39,REP,REP,False,84059,83986
2024,state_senate_president_2004.json,2004,state_senate,president,37,35.91,34.21,-1.7,REP,REP,False,68383,68606
2024,state_senate_president_2004.json,2004,state_senate,president,38,6.93,5.37,-1.56,REP,REP,False,48143,49248
2024,state_senate_president_2004.json,2004,state_senate,president,39,-3.51,-6.14,-2.63,DEM,DEM,False,51614,52108
2024,state_senate_president_2004.json,2004,state_senate,president,40,-23.16,-26.13,-2.97,DEM,DEM,False,60273,60617
2024,state_senate_president_2004.json,2004,state_senate,president,41,-39.35,-41.63,-2.28,DEM,DEM,False,64938,63548
2024,state_senate_president_2004.json,2004,state_senate,president,42,35.31,32.88,-2.43,REP,REP,False,86724,85966
2024,state_senate_president_2004.json,2004,state_senate,president,43,38.18,35.36,-2.82,REP,REP,False,58958,58239
2024,state_senate_president_2004.json,2004,state_senate,president,44,32.61,29.84,-2.77,REP,REP,False,71455,72032
2024,state_senate_president_2004.json,2004,state_senate,president,45,36.21,36.0,-0.21,REP,REP,False,81220,79758
2024,state_senate_president_2004.json,2004,state_senate,president,46,28.91,17.4,-11.51,REP,REP,False,72685,73714
2024,state_senate_president_2004.json,2004,state_senate,president,47,26.11,20.05,-6.06,REP,REP,False,87502,94472
2024,state_senate_president_2004.json,2004,state_senate,president,48,31.8,29.3,-2.5,REP,REP,False,76939,76903
2024,state_senate_president_2004.json,2004,state_senate,president,49,-2.79,0.3,3.09,DEM,REP,True,79065,78029
2024,state_senate_president_2004.json,2004,state_senate,president,50,22.4,19.31,-3.09,REP,REP,False,92045,86793
2024,state_house_governor_2004.json,2004,state_house,governor,1,-12.38,-13.71,-1.33,DEM,DEM,False,32206,31690
2024,state_house_governor_2004.json,2004,state_house,governor,2,-25.88,-24.75,1.13,DEM,DEM,False,37677,35294
2024,state_house_governor_2004.json,2004,state_house,governor,3,-1.13,-2.77,-1.64,DEM,DEM,False,33636,32882
2024,state_house_governor_2004.json,2004,state_house,governor,4,-13.31,-13.26,0.05,DEM,DEM,False,26146,27554
2024,state_house_governor_2004.json,2004,state_house,governor,6,-3.45,-5.52,-2.07,DEM,DEM,False,19595,23257
2024,state_house_governor_2004.json,2004,state_house,governor,7,-25.65,-23.16,2.49,DEM,DEM,False,26538,24174
2024,state_house_governor_2004.json,2004,state_house,governor,8,-28.64,-32.2,-3.56,DEM,DEM,False,24652,24499
2024,state_house_governor_2004.json,2004,state_house,governor,9,-6.52,-3.58,2.94,DEM,DEM,False,28419,28571
2024,state_house_governor_2004.json,2004,state_house,governor,10,-1.03,-0.48,0.55,DEM,DEM,False,30949,29532
2024,state_house_governor_2004.json,2004,state_house,governor,11,-17.66,-16.8,0.86,DEM,DEM,False,44187,39843
2024,state_house_governor_2004.json,2004,state_house,governor,12,-13.86,-13.87,-0.01,DEM,DEM,False,34004,33998
2024,state_house_governor_2004.json,2004,state_house,governor,13,2.25,3.99,1.74,REP,REP,False,28626,29371
2024,state_house_governor_2004.json,2004,state_house,governor,14,-2.62,-2.53,0.09,DEM,DEM,False,14366,14408
2024,state_house_governor_2004.json,2004,state_house,governor,15,6.46,6.14,-0.32,REP,REP,False,17884,18314
2024,state_house_governor_2004.json,2004,state_house,governor,16,-2.55,-2.54,0.01,DEM,DEM,False,22116,21646
2024,state_house_governor_2004.json,2004,state_house,governor,17,-13.64,-11.58,2.06,DEM,DEM,False,24496,22650
2024,state_house_governor_2004.json,2004,state_house,governor,18,-14.13,-26.23,-12.1,DEM,DEM,False,32275,31361
2024,state_house_governor_2004.json,2004,state_house,governor,19,-9.05,-7.54,1.51,DEM,DEM,False,28409,31678
2024,state_house_governor_2004.json,2004,state_house,governor,20,-4.7,3.57,8.27,DEM,REP,True,33671,33174
2024,state_house_governor_2004.json,2004,state_house,governor,21,-11.71,-5.95,5.76,DEM,DEM,False,10276,16611
2024,state_house_governor_2004.json,2004,state_house,governor,22,-21.77,-21.75,0.02,DEM,DEM,False,34605,34624
2024,state_house_governor_2004.json,2004,state_house,governor,23,-47.55,-47.54,0.01,DEM,DEM,False,39363,39367
2024,state_house_governor_2004.json,2004,state_house,governor,24,-21.2,-20.21,0.99,DEM,DEM,False,32205,32346
2024,state_house_governor_2004.json,2004,state_house,governor,25,-23.41,-24.36,-0.95,DEM,DEM,False,36304,36063
2024,state_house_governor_2004.json,2004,state_house,governor,26,4.53,2.79,-1.74,REP,REP,False,20461,16664
2024,state_house_governor_2004.json,2004,state_house,governor,28,-0.55,-0.76,-0.21,DEM,DEM,False,27189,29963
2024,state_house_governor_2004.json,2004,state_house,governor,29,-51.02,-49.08,1.94,DEM,DEM,False,25378,30348
2024,state_house_governor_2004.json,2004,state_house,governor,30,-52.22,-53.29,-1.07,DEM,DEM,False,39024,36460
2024,state_house_governor_2004.json,2004,state_house,governor,31,-55.34,-55.51,-0.17,DEM,DEM,False,22569,22541
2024,state_house_governor_2004.json,2004,state_house,governor,32,-31.85,-33.32,-1.47,DEM,DEM,False,29007,31271
2024,state_house_governor_2004.json,2004,state_house,governor,33,-26.32,-23.75,2.57,DEM,DEM,False,27310,23483
2024,state_house_governor_2004.json,2004,state_house,governor,34,-21.6,-23.24,-1.64,DEM,DEM,False,47877,43509
2024,state_house_governor_2004.json,2004,state_house,governor,35,-0.37,0.53,0.9,DEM,REP,True,25287,30893
2024,state_house_governor_2004.json,2004,state_house,governor,36,-6.29,-3.9,2.39,DEM,DEM,False,18774,22126
2024,state_house_governor_2004.json,2004,state_house,governor,37,2.23,-0.07,-2.3,REP,DEM,True,21861,22697
2024,state_house_governor_2004.json,2004,state_house,governor,38,-52.1,-65.07,-12.97,DEM,DEM,False,30955,24810
2024,state_house_governor_2004.json,2004,state_house,governor,39,-17.27,-21.27,-4.0,DEM,DEM,False,17013,20216
2024,state_house_governor_2004.json,2004,state_house,governor,40,-14.91,-14.82,0.09,DEM,DEM,False,42107,40650
2024,state_house_governor_2004.json,2004,state_house,governor,41,-15.04,-16.6,-1.56,DEM,DEM,False,19022,16105
2024,state_house_governor_2004.json,2004,state_house,governor,42,-29.88,-40.91,-11.03,DEM,DEM,False,19328,16876
2024,state_house_governor_2004.json,2004,state_house,governor,43,-19.35,-14.29,5.06,DEM,DEM,False,17883,28992
2024,state_house_governor_2004.json,2004,state_house,governor,44,-25.89,-30.53,-4.64,DEM,DEM,False,42023,33385
2024,state_house_governor_2004.json,2004,state_house,governor,45,-22.99,-16.28,6.71,DEM,DEM,False,16630,16650
2024,state_house_governor_2004.json,2004,state_house,governor,46,-27.86,-27.26,0.6,DEM,DEM,False,30114,30421
2024,state_house_governor_2004.json,2004,state_house,governor,47,-47.33,-48.29,-0.96,DEM,DEM,False,25734,25415
2024,state_house_governor_2004.json,2004,state_house,governor,48,-30.08,-30.1,-0.02,DEM,DEM,False,21678,21640
2024,state_house_governor_2004.json,2004,state_house,governor,49,-28.15,-31.57,-3.42,DEM,DEM,False,35599,30314
2024,state_house_governor_2004.json,2004,state_house,governor,50,-34.14,-39.69,-5.55,DEM,DEM,False,43914,35885
2024,state_house_governor_2004.json,2004,state_house,governor,51,-11.74,-10.65,1.09,DEM,DEM,False,26706,26040
2024,state_house_governor_2004.json,2004,state_house,governor,52,-21.71,-17.09,4.62,DEM,DEM,False,30068,30671
2024,state_house_governor_2004.json,2004,state_house,governor,53,1.29,8.07,6.78,REP,REP,False,19723,17235
2024,state_house_governor_2004.json,2004,state_house,governor,54,-16.72,-8.94,7.78,DEM,DEM,False,27679,18791
2024,state_house_governor_2004.json,2004,state_house,governor,55,-9.31,-11.3,-1.99,DEM,DEM,False,32099,29945
2024,state_house_governor_2004.json,2004,state_house,governor,56,-55.3,-45.36,9.94,DEM,DEM,False,29172,37119
2024,state_house_governor_2004.json,2004,state_house,governor,57,-26.86,-29.05,-2.19,DEM,DEM,False,34171,33406
2024,state_house_governor_2004.json,2004,state_house,governor,58,-37.23,-44.08,-6.85,DEM,DEM,False,37036,31589
2024,state_house_governor_2004.json,2004,state_house,governor,59,7.3,6.33,-0.97,REP,REP,False,30121,35730
2024,state_house_governor_2004.json,2004,state_house,governor,60,-23.9,-26.25,-2.35,DEM,DEM,False,30632,27946
2024,state_house_governor_2004.json,2004,state_house,governor,61,-40.61,-47.52,-6.91,DEM,DEM,False,41684,36500
2024,state_house_governor_2004.json,2004,state_house,governor,62,1.03,3.91,2.88,REP,REP,False,24622,33147
2024,state_house_governor_2004.json,2004,state_house,governor,63,-5.52,-5.22,0.3,DEM,DEM,False,27913,27725
2024,state_house_governor_2004.json,2004,state_house,governor,64,-0.46,-0.98,-0.52,DEM,DEM,False,26067,26287
2024,state_house_governor_2004.json,2004,state_house,governor,65,-15.52,-15.58,-0.06,DEM,DEM,False,37284,37314
2024,state_house_governor_2004.json,2004,state_house,governor,66,-14.33,-25.56,-11.23,DEM,DEM,False,9279,28246
2024,state_house_governor_2004.json,2004,state_house,governor,68,25.03,26.18,1.15,REP,REP,False,14666,14285
2024,state_house_governor_2004.json,2004,state_house,governor,69,24.27,23.1,-1.17,REP,REP,False,21989,24531
2024,state_house_governor_2004.json,2004,state_house,governor,70,18.58,17.84,-0.74,REP,REP,False,31965,31257
2024,state_house_governor_2004.json,2004,state_house,governor,71,-26.7,-27.67,-0.97,DEM,DEM,False,32366,30809
2024,state_house_governor_2004.json,2004,state_house,governor,72,-36.83,-41.85,-5.02,DEM,DEM,False,32958,31074
2024,state_house_governor_2004.json,2004,state_house,governor,73,2.05,-0.79,-2.84,REP,DEM,True,24592,26764
2024,state_house_governor_2004.json,2004,state_house,governor,74,6.26,8.47,2.21,REP,REP,False,32105,34197
2024,state_house_governor_2004.json,2004,state_house,governor,75,4.13,4.17,0.04,REP,REP,False,29013,29845
2024,state_house_governor_2004.json,2004,state_house,governor,76,-1.98,-3.91,-1.93,DEM,DEM,False,31779,29266
2024,state_house_governor_2004.json,2004,state_house,governor,77,15.48,15.49,0.01,REP,REP,False,37473,36969
2024,state_house_governor_2004.json,2004,state_house,governor,78,16.39,13.17,-3.22,REP,REP,False,33842,33681
2024,state_house_governor_2004.json,2004,state_house,governor,79,-16.94,-15.76,1.18,DEM,DEM,False,37240,37751
2024,state_house_governor_2004.json,2004,state_house,governor,80,14.15,15.15,1.0,REP,REP,False,27230,29358
2024,state_house_governor_2004.json,2004,state_house,governor,81,1.24,-0.75,-1.99,REP,DEM,True,32101,29854
2024,state_house_governor_2004.json,2004,state_house,governor,82,2.04,9.98,7.94,REP,REP,False,24137,19029
2024,state_house_governor_2004.json,2004,state_house,governor,83,9.31,7.31,-2.0,REP,REP,False,26738,32659
2024,state_house_governor_2004.json,2004,state_house,governor,84,2.91,-2.82,-5.73,REP,DEM,True,36149,21383
2024,state_house_governor_2004.json,2004,state_house,governor,85,9.04,9.25,0.21,REP,REP,False,38102,38969
2024,state_house_governor_2004.json,2004,state_house,governor,86,4.23,4.21,-0.02,REP,REP,False,32104,32053
2024,state_house_governor_2004.json,2004,state_house,governor,87,8.17,8.16,-0.01,REP,REP,False,33151,33157
2024,state_house_governor_2004.json,2004,state_house,governor,88,-30.88,-33.54,-2.66,DEM,DEM,False,23662,24913
2024,state_house_governor_2004.json,2004,state_house,governor,89,10.91,10.27,-0.64,REP,REP,False,32298,27717
2024,state_house_governor_2004.json,2004,state_house,governor,90,1.73,2.95,1.22,REP,REP,False,31227,34050
2024,state_house_governor_2004.json,2004,state_house,governor,91,-1.53,-1.95,-0.42,DEM,DEM,False,32147,32686
2024,state_house_governor_2004.json,2004,state_house,governor,92,-21.76,-22.07,-0.31,DEM,DEM,False,15708,14144
2024,state_house_governor_2004.json,2004,state_house,governor,93,-8.41,-8.33,0.08,DEM,DEM,False,38339,38410
2024,state_house_governor_2004.json,2004,state_house,governor,94,8.34,7.64,-0.7,REP,REP,False,37617,34721
2024,state_house_governor_2004.json,2004,state_house,governor,95,7.66,10.19,2.53,REP,REP,False,14191,33393
2024,state_house_governor_2004.json,2004,state_house,governor,96,7.28,7.33,0.05,REP,REP,False,31317,31663
2024,state_house_governor_2004.json,2004,state_house,governor,97,6.5,6.49,-0.01,REP,REP,False,29685,29541
2024,state_house_governor_2004.json,2004,state_house,governor,98,8.91,9.71,0.8,REP,REP,False,25062,26277
2024,state_house_governor_2004.json,2004,state_house,governor,99,-46.23,-48.02,-1.79,DEM,DEM,False,13709,16881
2024,state_house_governor_2004.json,2004,state_house,governor,100,-15.28,-15.08,0.2,DEM,DEM,False,31090,29550
2024,state_house_governor_2004.json,2004,state_house,governor,101,-16.82,-15.18,1.64,DEM,DEM,False,18624,21869
2024,state_house_governor_2004.json,2004,state_house,governor,102,-43.1,-44.92,-1.82,DEM,DEM,False,24543,22864
2024,state_house_governor_2004.json,2004,state_house,governor,103,5.28,8.33,3.05,REP,REP,False,22994,23361
2024,state_house_governor_2004.json,2004,state_house,governor,104,0.09,0.93,0.84,REP,REP,False,36004,34468
2024,state_house_governor_2004.json,2004,state_house,governor,105,15.45,16.29,0.84,REP,REP,False,38563,39370
2024,state_house_governor_2004.json,2004,state_house,governor,106,-18.47,-20.41,-1.94,DEM,DEM,False,17741,17158
2024,state_house_governor_2004.json,2004,state_house,governor,107,-70.41,-74.41,-4.0,DEM,DEM,False,25376,23548
2024,state_house_governor_2004.json,2004,state_house,governor,108,7.71,10.89,3.18,REP,REP,False,25097,23439
2024,state_house_governor_2004.json,2004,state_house,governor,109,7.71,7.92,0.21,REP,REP,False,24899,25794
2024,state_house_governor_2004.json,2004,state_house,governor,110,-1.23,-3.8,-2.57,DEM,DEM,False,28477,29695
2024,state_house_governor_2004.json,2004,state_house,governor,111,-6.62,-5.51,1.11,DEM,DEM,False,30259,31916
2024,state_house_governor_2004.json,2004,state_house,governor,112,-46.19,-47.85,-1.66,DEM,DEM,False,26091,24778
2024,state_house_governor_2004.json,2004,state_house,governor,113,1.63,-0.83,-2.46,REP,DEM,True,38756,33842
2024,state_house_governor_2004.json,2004,state_house,governor,114,-17.96,-8.98,8.98,DEM,DEM,False,34442,32398
2024,state_house_governor_2004.json,2004,state_house,governor,115,-17.96,-19.32,-1.36,DEM,DEM,False,33092,32957
2024,state_house_governor_2004.json,2004,state_house,governor,116,-17.96,-24.67,-6.71,DEM,DEM,False,34408,36630
2024,state_house_governor_2004.json,2004,state_house,governor,117,6.54,7.79,1.25,REP,REP,False,32403,34300
2024,state_house_governor_2004.json,2004,state_house,governor,120,6.62,6.61,-0.01,REP,REP,False,34361,34369
2024,state_senate_governor_2004.json,2004,state_senate,governor,3,-8.92,-8.91,0.01,DEM,DEM,False,80017,80062
2024,state_senate_governor_2004.json,2004,state_senate,governor,5,-27.04,-27.03,0.01,DEM,DEM,False,74048,74049
2024,state_senate_governor_2004.json,2004,state_senate,governor,6,3.91,3.89,-0.02,REP,REP,False,37324,37337
2024,state_senate_governor_2004.json,2004,state_senate,governor,7,-6.16,-1.68,4.48,DEM,DEM,False,71713,70873
2024,state_senate_governor_2004.json,2004,state_senate,governor,8,-20.16,-24.58,-4.42,DEM,DEM,False,68187,69061
2024,state_senate_governor_2004.json,2004,state_senate,governor,9,-18.08,-16.8,1.28,DEM,DEM,False,71117,71211
2024,state_senate_governor_2004.json,2004,state_senate,governor,10,2.55,2.54,-0.01,REP,REP,False,54525,54616
2024,state_senate_governor_2004.json,2004,state_senate,governor,11,-26.65,-26.68,-0.03,DEM,DEM,False,75045,74934
2024,state_senate_governor_2004.json,2004,state_senate,governor,12,-6.1,-7.78,-1.68,DEM,DEM,False,53526,53368
2024,state_senate_governor_2004.json,2004,state_senate,governor,13,-2.49,-2.64,-0.15,DEM,DEM,False,53078,55447
2024,state_senate_governor_2004.json,2004,state_senate,governor,14,-42.71,-44.51,-1.8,DEM,DEM,False,47918,46105
2024,state_senate_governor_2004.json,2004,state_senate,governor,15,-25.41,-29.12,-3.71,DEM,DEM,False,79266,73775
2024,state_senate_governor_2004.json,2004,state_senate,governor,16,-20.53,-20.73,-0.2,DEM,DEM,False,91151,85849
2024,state_senate_governor_2004.json,2004,state_senate,governor,17,-13.71,-11.09,2.62,DEM,DEM,False,35554,38718
2024,state_senate_governor_2004.json,2004,state_senate,governor,18,-10.35,-9.3,1.05,DEM,DEM,False,61233,68750
2024,state_senate_governor_2004.json,2004,state_senate,governor,19,-26.61,-30.57,-3.96,DEM,DEM,False,72326,62756
2024,state_senate_governor_2004.json,2004,state_senate,governor,20,-37.31,-38.95,-1.64,DEM,DEM,False,56030,69079
2024,state_senate_governor_2004.json,2004,state_senate,governor,21,-5.86,-5.16,0.7,DEM,DEM,False,61374,70993
2024,state_senate_governor_2004.json,2004,state_senate,governor,22,-46.28,-46.53,-0.25,DEM,DEM,False,78549,65039
2024,state_senate_governor_2004.json,2004,state_senate,governor,23,-39.12,-39.1,0.02,DEM,DEM,False,88280,88201
2024,state_senate_governor_2004.json,2004,state_senate,governor,24,-37.15,-37.17,-0.02,DEM,DEM,False,56478,56406
2024,state_senate_governor_2004.json,2004,state_senate,governor,25,2.02,1.28,-0.74,REP,REP,False,70575,69069
2024,state_senate_governor_2004.json,2004,state_senate,governor,26,-4.47,-2.25,2.22,DEM,DEM,False,73934,84301
2024,state_senate_governor_2004.json,2004,state_senate,governor,27,-15.96,-16.94,-0.98,DEM,DEM,False,78595,75840
2024,state_senate_governor_2004.json,2004,state_senate,governor,28,-41.8,-47.45,-5.65,DEM,DEM,False,83022,75489
2024,state_senate_governor_2004.json,2004,state_senate,governor,29,-5.76,-5.09,0.67,DEM,DEM,False,81100,82371
2024,state_senate_governor_2004.json,2004,state_senate,governor,30,9.74,9.72,-0.02,REP,REP,False,75889,75754
2024,state_senate_governor_2004.json,2004,state_senate,governor,31,6.26,6.75,0.49,REP,REP,False,78875,83833
2024,state_senate_governor_2004.json,2004,state_senate,governor,32,-28.85,-31.67,-2.82,DEM,DEM,False,79714,74775
2024,state_senate_governor_2004.json,2004,state_senate,governor,34,2.04,1.78,-0.26,REP,REP,False,57955,58061
2024,state_senate_governor_2004.json,2004,state_senate,governor,35,20.16,20.43,0.27,REP,REP,False,51844,52042
2024,state_senate_governor_2004.json,2004,state_senate,governor,36,7.41,7.39,-0.02,REP,REP,False,84555,84482
2024,state_senate_governor_2004.json,2004,state_senate,governor,37,5.52,5.56,0.04,REP,REP,False,68050,68292
2024,state_senate_governor_2004.json,2004,state_senate,governor,38,-11.72,-11.39,0.33,DEM,DEM,False,47612,48712
2024,state_senate_governor_2004.json,2004,state_senate,governor,39,-20.54,-21.06,-0.52,DEM,DEM,False,50979,51443
2024,state_senate_governor_2004.json,2004,state_senate,governor,40,-36.69,-38.52,-1.83,DEM,DEM,False,59416,59722
2024,state_senate_governor_2004.json,2004,state_senate,governor,41,-51.36,-51.73,-0.37,DEM,DEM,False,63370,62012
2024,state_senate_governor_2004.json,2004,state_senate,governor,42,11.92,13.22,1.3,REP,REP,False,86532,85796
2024,state_senate_governor_2004.json,2004,state_senate,governor,43,7.71,7.97,0.26,REP,REP,False,59017,58244
2024,state_senate_governor_2004.json,2004,state_senate,governor,44,-1.8,-1.92,-0.12,DEM,DEM,False,71761,72390
2024,state_senate_governor_2004.json,2004,state_senate,governor,45,8.66,8.98,0.32,REP,REP,False,79669,78247
2024,state_senate_governor_2004.json,2004,state_senate,governor,46,-4.01,-4.03,-0.02,DEM,DEM,False,73230,74228
2024,state_senate_governor_2004.json,2004,state_senate,governor,47,-0.94,-1.87,-0.93,DEM,DEM,False,86919,93944
2024,state_senate_governor_2004.json,2004,state_senate,governor,49,-17.96,-18.14,-0.18,DEM,DEM,False,76772,75765
2024,state_senate_governor_2004.json,2004,state_senate,governor,50,-5.71,-5.07,0.64,DEM,DEM,False,91443,86101
