"raw_precinct_key","suggested_canonical_precinct_key","score","tier","reason","candidate_2","candidate_3"
"BUNCOMBE - 01.1","BUNCOMBE - 01.1","1.0000","AUTO_ACCEPT","exact_prec_id","BUNCOMBE - 12.1","BUNCOMBE - 02.1"
"BUNCOMBE - 02.1","BUNCOMBE - 02.1","1.0000","AUTO_ACCEPT","exact_prec_id","BUNCOMBE - 12.1","BUNCOMBE - 05.1"
"BUNCOMBE - 03.1","BUNCOMBE - 03.1","1.0000","AUTO_ACCEPT","exact_prec_id","BUNCOMBE - 02.1","BUNCOMBE - 53.1"
"BUNCOMBE - 04.1","BUNCOMBE - 04.1","1.0000","AUTO_ACCEPT","exact_prec_id","BUNCOMBE - 49.1","BUNCOMBE - 02.1"
"BUNCOMBE - 05.1","BUNCOMBE - 05.1","1.0000","AUTO_ACCEPT","exact_prec_id","BUNCOMBE - 02.1","BUNCOMBE - 53.1"
"BUNCOMBE - 06.1","BUNCOMBE - 06.1","1.0000","AUTO_ACCEPT","exact_prec_id","BUNCOMBE - 02.1","BUNCOMBE - 65.1"
"BUNCOMBE - 07.1","BUNCOMBE - 07.1","1.0000","AUTO_ACCEPT","exact_prec_id","BUNCOMBE - 02.1","BUNCOMBE - 17.1"
"BUNCOMBE - 08.2","BUNCOMBE - 08.2","1.0000","AUTO_ACCEPT","exact_prec_id","BUNCOMBE - 38.2","BUNCOMBE - 60.2"
"BUNCOMBE - 08.3","BUNCOMBE - 08.3","1.0000","AUTO_ACCEPT","exact_prec_id","BUNCOMBE - 30.3","BUNCOMBE - 08.2"
"BUNCOMBE - 09.1","BUNCOMBE - 09.1","1.0000","AUTO_ACCEPT","exact_prec_id","BUNCOMBE - 49.1","BUNCOMBE - 02.1"
"BUNCOMBE - 10.1","BUNCOMBE - 10.1","1.0000","AUTO_ACCEPT","exact_prec_id","BUNCOMBE - 12.1","BUNCOMBE - 17.1"
"BUNCOMBE - 11.1","BUNCOMBE - 11.1","1.0000","AUTO_ACCEPT","exact_prec_id","BUNCOMBE - 12.1","BUNCOMBE - 17.1"
"BUNCOMBE - 12.1","BUNCOMBE - 12.1","1.0000","AUTO_ACCEPT","exact_prec_id","BUNCOMBE - 02.1","BUNCOMBE - 17.1"
"BUNCOMBE - 13.1","BUNCOMBE - 13.1","1.0000","AUTO_ACCEPT","exact_prec_id","BUNCOMBE - 12.1","BUNCOMBE - 53.1"
"BUNCOMBE - 14.2","BUNCOMBE - 14.2","1.0000","AUTO_ACCEPT","exact_prec_id","BUNCOMBE - 51.2","BUNCOMBE - 14.3"
"BUNCOMBE - 14.3","BUNCOMBE - 14.3","1.0000","AUTO_ACCEPT","exact_prec_id","BUNCOMBE - 14.2","BUNCOMBE - 30.3"
"BUNCOMBE - 15.1","BUNCOMBE - 15.1","1.0000","AUTO_ACCEPT","exact_prec_id","BUNCOMBE - 12.1","BUNCOMBE - 17.1"
"BUNCOMBE - 16.2","BUNCOMBE - 16.2","1.0000","AUTO_ACCEPT","exact_prec_id","BUNCOMBE - 51.2","BUNCOMBE - 56.2"
"BUNCOMBE - 17.1","BUNCOMBE - 17.1","1.0000","AUTO_ACCEPT","exact_prec_id","BUNCOMBE - 12.1","BUNCOMBE - 67.1"
"BUNCOMBE - 18.2","BUNCOMBE - 18.2","1.0000","AUTO_ACCEPT","exact_prec_id","BUNCOMBE - 51.2","BUNCOMBE - 38.2"
"BUNCOMBE - 19.1","BUNCOMBE - 19.1","1.0000","AUTO_ACCEPT","exact_prec_id","BUNCOMBE - 49.1","BUNCOMBE - 12.1"
"BUNCOMBE - 20.1","BUNCOMBE - 20.1","1.0000","AUTO_ACCEPT","exact_prec_id","BUNCOMBE - 12.1","BUNCOMBE - 02.1"
"BUNCOMBE - 21.1","BUNCOMBE - 21.1","1.0000","AUTO_ACCEPT","exact_prec_id","BUNCOMBE - 12.1","BUNCOMBE - 02.1"
"BUNCOMBE - 22.2","BUNCOMBE - 22.2","1.0000","AUTO_ACCEPT","exact_prec_id","BUNCOMBE - 29.2","BUNCOMBE - 23.2"
"BUNCOMBE - 23.2","BUNCOMBE - 23.2","1.0000","AUTO_ACCEPT","exact_prec_id","BUNCOMBE - 23.3","BUNCOMBE - 29.2"
"BUNCOMBE - 23.3","BUNCOMBE - 23.3","1.0000","AUTO_ACCEPT","exact_prec_id","BUNCOMBE - 30.3","BUNCOMBE - 23.2"
"BUNCOMBE - 24.1","BUNCOMBE - 24.1","1.0000","AUTO_ACCEPT","exact_prec_id","BUNCOMBE - 49.1","BUNCOMBE - 12.1"
"BUNCOMBE - 25.1","BUNCOMBE - 25.1","1.0000","AUTO_ACCEPT","exact_prec_id","BUNCOMBE - 12.1","BUNCOMBE - 02.1"
"BUNCOMBE - 26.1","BUNCOMBE - 26.1","1.0000","AUTO_ACCEPT","exact_prec_id","BUNCOMBE - 12.1","BUNCOMBE - 02.1"
"BUNCOMBE - 27.2","BUNCOMBE - 27.2","1.0000","AUTO_ACCEPT","exact_prec_id","BUNCOMBE - 29.2","BUNCOMBE - 23.2"
"BUNCOMBE - 28.1","BUNCOMBE - 28.1","1.0000","AUTO_ACCEPT","exact_prec_id","BUNCOMBE - 12.1","BUNCOMBE - 02.1"
"BUNCOMBE - 29.2","BUNCOMBE - 29.2","1.0000","AUTO_ACCEPT","exact_prec_id","BUNCOMBE - 39.2","BUNCOMBE - 23.2"
"BUNCOMBE - 30.2","BUNCOMBE - 30.2","1.0000","AUTO_ACCEPT","exact_prec_id","BUNCOMBE - 38.2","BUNCOMBE - 08.2"
"BUNCOMBE - 30.3","BUNCOMBE - 30.3","1.0000","AUTO_ACCEPT","exact_prec_id","BUNCOMBE - 23.3","BUNCOMBE - 39.3"
"BUNCOMBE - 31.1","BUNCOMBE - 31.1","1.0000","AUTO_ACCEPT","exact_prec_id","BUNCOMBE - 12.1","BUNCOMBE - 53.1"
"BUNCOMBE - 32.1","BUNCOMBE - 32.1","1.0000","AUTO_ACCEPT","exact_prec_id","BUNCOMBE - 12.1","BUNCOMBE - 02.1"
"BUNCOMBE - 33.2","BUNCOMBE - 33.2","1.0000","AUTO_ACCEPT","exact_prec_id","BUNCOMBE - 38.2","BUNCOMBE - 33.3"
"BUNCOMBE - 33.3","BUNCOMBE - 33.3","1.0000","AUTO_ACCEPT","exact_prec_id","BUNCOMBE - 30.3","BUNCOMBE - 23.3"
"BUNCOMBE - 34.1","BUNCOMBE - 34.1","1.0000","AUTO_ACCEPT","exact_prec_id","BUNCOMBE - 49.1","BUNCOMBE - 48.1"
"BUNCOMBE - 35.1","BUNCOMBE - 35.1","1.0000","AUTO_ACCEPT","exact_prec_id","BUNCOMBE - 53.1","BUNCOMBE - 65.1"
"BUNCOMBE - 36.1","BUNCOMBE - 36.1","1.0000","AUTO_ACCEPT","exact_prec_id","BUNCOMBE - 53.1","BUNCOMBE - 65.1"
"BUNCOMBE - 37.1","BUNCOMBE - 37.1","1.0000","AUTO_ACCEPT","exact_prec_id","BUNCOMBE - 53.1","BUNCOMBE - 17.1"
"BUNCOMBE - 38.2","BUNCOMBE - 38.2","1.0000","AUTO_ACCEPT","exact_prec_id","BUNCOMBE - 08.2","BUNCOMBE - 33.2"
"BUNCOMBE - 38.3","BUNCOMBE - 38.3","1.0000","AUTO_ACCEPT","exact_prec_id","BUNCOMBE - 38.2","BUNCOMBE - 30.3"
"BUNCOMBE - 39.2","BUNCOMBE - 39.2","1.0000","AUTO_ACCEPT","exact_prec_id","BUNCOMBE - 38.2","BUNCOMBE - 29.2"
"BUNCOMBE - 39.3","BUNCOMBE - 39.3","1.0000","AUTO_ACCEPT","exact_prec_id","BUNCOMBE - 30.3","BUNCOMBE - 23.3"
"BUNCOMBE - 40.2","BUNCOMBE - 40.2","1.0000","AUTO_ACCEPT","exact_prec_id","BUNCOMBE - 08.2","BUNCOMBE - 60.2"
"BUNCOMBE - 41.1","BUNCOMBE - 41.1","1.0000","AUTO_ACCEPT","exact_prec_id","BUNCOMBE - 49.1","BUNCOMBE - 12.1"
"BUNCOMBE - 42.1","BUNCOMBE - 42.1","1.0000","AUTO_ACCEPT","exact_prec_id","BUNCOMBE - 49.1","BUNCOMBE - 12.1"
"BUNCOMBE - 43.2","BUNCOMBE - 43.2","1.0000","AUTO_ACCEPT","exact_prec_id","BUNCOMBE - 38.2","BUNCOMBE - 54.2"
"BUNCOMBE - 44.1","BUNCOMBE - 44.1","1.0000","AUTO_ACCEPT","exact_prec_id","BUNCOMBE - 49.1","BUNCOMBE - 48.1"
"BUNCOMBE - 45.1","BUNCOMBE - 45.1","1.0000","AUTO_ACCEPT","exact_prec_id","BUNCOMBE - 49.1","BUNCOMBE - 48.1"
"BUNCOMBE - 46.1","BUNCOMBE - 46.1","1.0000","AUTO_ACCEPT","exact_prec_id","BUNCOMBE - 49.1","BUNCOMBE - 48.1"
"BUNCOMBE - 47.1","BUNCOMBE - 47.1","1.0000","AUTO_ACCEPT","exact_prec_id","BUNCOMBE - 49.1","BUNCOMBE - 48.1"
"BUNCOMBE - 48.1","BUNCOMBE - 48.1","1.0000","AUTO_ACCEPT","exact_prec_id","BUNCOMBE - 49.1","BUNCOMBE - 28.1"
"BUNCOMBE - 49.1","BUNCOMBE - 49.1","1.0000","AUTO_ACCEPT","exact_prec_id","BUNCOMBE - 48.1","BUNCOMBE - 64.1"
"BUNCOMBE - 50.1","BUNCOMBE - 50.1","1.0000","AUTO_ACCEPT","exact_prec_id","BUNCOMBE - 02.1","BUNCOMBE - 53.1"
"BUNCOMBE - 51.2","BUNCOMBE - 51.2","1.0000","AUTO_ACCEPT","exact_prec_id","BUNCOMBE - 56.2","BUNCOMBE - 54.2"
"BUNCOMBE - 52.1","BUNCOMBE - 52.1","1.0000","AUTO_ACCEPT","exact_prec_id","BUNCOMBE - 12.1","BUNCOMBE - 02.1"
"BUNCOMBE - 53.1","BUNCOMBE - 53.1","1.0000","AUTO_ACCEPT","exact_prec_id","BUNCOMBE - 65.1","BUNCOMBE - 05.1"
"BUNCOMBE - 54.2","BUNCOMBE - 54.2","1.0000","AUTO_ACCEPT","exact_prec_id","BUNCOMBE - 51.2","BUNCOMBE - 56.2"
"BUNCOMBE - 55.1","BUNCOMBE - 55.1","1.0000","AUTO_ACCEPT","exact_prec_id","BUNCOMBE - 53.1","BUNCOMBE - 65.1"
"BUNCOMBE - 56.2","BUNCOMBE - 56.2","1.0000","AUTO_ACCEPT","exact_prec_id","BUNCOMBE - 51.2","BUNCOMBE - 60.2"
"BUNCOMBE - 57.1","BUNCOMBE - 57.1","1.0000","AUTO_ACCEPT","exact_prec_id","BUNCOMBE - 53.1","BUNCOMBE - 17.1"
"BUNCOMBE - 58.1","BUNCOMBE - 58.1","1.0000","AUTO_ACCEPT","exact_prec_id","BUNCOMBE - 48.1","BUNCOMBE - 53.1"
"BUNCOMBE - 59.1","BUNCOMBE - 59.1","1.0000","AUTO_ACCEPT","exact_prec_id","BUNCOMBE - 49.1","BUNCOMBE - 53.1"
"BUNCOMBE - 60.2","BUNCOMBE - 60.2","1.0000","AUTO_ACCEPT","exact_prec_id","BUNCOMBE - 08.2","BUNCOMBE - 56.2"
"BUNCOMBE - 60.4","BUNCOMBE - 60.4","1.0000","AUTO_ACCEPT","exact_prec_id","BUNCOMBE - 60.2",""
"BUNCOMBE - 61.1","BUNCOMBE - 61.1","1.0000","AUTO_ACCEPT","exact_prec_id","BUNCOMBE - 12.1","BUNCOMBE - 17.1"
"BUNCOMBE - 62.1","BUNCOMBE - 62.1","1.0000","AUTO_ACCEPT","exact_prec_id","BUNCOMBE - 12.1","BUNCOMBE - 02.1"
"BUNCOMBE - 63.1","BUNCOMBE - 63.1","1.0000","AUTO_ACCEPT","exact_prec_id","BUNCOMBE - 53.1","BUNCOMBE - 65.1"
"BUNCOMBE - 64.1","BUNCOMBE - 64.1","1.0000","AUTO_ACCEPT","exact_prec_id","BUNCOMBE - 49.1","BUNCOMBE - 48.1"
"BUNCOMBE - 65.1","BUNCOMBE - 65.1","1.0000","AUTO_ACCEPT","exact_prec_id","BUNCOMBE - 53.1","BUNCOMBE - 67.1"
"BUNCOMBE - 66.1","BUNCOMBE - 66.1","1.0000","AUTO_ACCEPT","exact_prec_id","BUNCOMBE - 65.1","BUNCOMBE - 67.1"
"BUNCOMBE - 67.1","BUNCOMBE - 67.1","1.0000","AUTO_ACCEPT","exact_prec_id","BUNCOMBE - 17.1","BUNCOMBE - 65.1"
"BUNCOMBE - 69.1","BUNCOMBE - 69.1","1.0000","AUTO_ACCEPT","exact_prec_id","BUNCOMBE - 49.1","BUNCOMBE - 65.1"
"BUNCOMBE - 70.1","BUNCOMBE - 70.1","1.0000","AUTO_ACCEPT","exact_prec_id","BUNCOMBE - 02.1","BUNCOMBE - 17.1"
"BUNCOMBE - 71.1","BUNCOMBE - 71.1","1.0000","AUTO_ACCEPT","exact_prec_id","BUNCOMBE - 12.1","BUNCOMBE - 17.1"
"BURKE - 0047-A","BURKE - 0047-A","1.0000","AUTO_ACCEPT","exact_prec_id","BURKE - 0047-B",""
"BURKE - 0047-B","BURKE - 0047-B","1.0000","AUTO_ACCEPT","exact_prec_id","BURKE - 0047-A",""
"CABARRUS - 01-02","CABARRUS - 01-02","1.0000","AUTO_ACCEPT","exact_prec_id","CABARRUS - 02-01","CABARRUS - 01-08"
"CABARRUS - 01-04","CABARRUS - 01-04","1.0000","AUTO_ACCEPT","exact_prec_id","CABARRUS - 04-01","CABARRUS - 01-08"
"CABARRUS - 01-07","CABARRUS - 01-07","1.0000","AUTO_ACCEPT","exact_prec_id","CABARRUS - 01-10","CABARRUS - 02-07"
"CABARRUS - 01-08","CABARRUS - 01-08","1.0000","AUTO_ACCEPT","exact_prec_id","CABARRUS - 01-10","CABARRUS - 01-04"
"CABARRUS - 01-10","CABARRUS - 01-10","1.0000","AUTO_ACCEPT","exact_prec_id","CABARRUS - 01-04","CABARRUS - 11-01"
"CABARRUS - 01-11","CABARRUS - 01-11","1.0000","AUTO_ACCEPT","exact_prec_id","CABARRUS - 11-01","CABARRUS - 01-10"
"CABARRUS - 02-01","CABARRUS - 02-01","1.0000","AUTO_ACCEPT","exact_prec_id","CABARRUS - 01-02","CABARRUS - 02-07"
"CABARRUS - 02-02","CABARRUS - 02-02","1.0000","AUTO_ACCEPT","exact_prec_id","CABARRUS - 02-07","CABARRUS - 02-01"
"CABARRUS - 02-03","CABARRUS - 02-03","1.0000","AUTO_ACCEPT","exact_prec_id","CABARRUS - 12-03","CABARRUS - 02-07"
"CABARRUS - 02-05","CABARRUS - 02-05","1.0000","AUTO_ACCEPT","exact_prec_id","CABARRUS - 02-07","CABARRUS - 02-02"
"CABARRUS - 02-06","CABARRUS - 02-06","1.0000","AUTO_ACCEPT","exact_prec_id","CABARRUS - 02-07","CABARRUS - 02-02"
"CABARRUS - 02-07","CABARRUS - 02-07","1.0000","AUTO_ACCEPT","exact_prec_id","CABARRUS - 02-02","CABARRUS - 02-01"
"CABARRUS - 02-08","CABARRUS - 02-08","1.0000","AUTO_ACCEPT","exact_prec_id","CABARRUS - 01-08","CABARRUS - 02-07"
"CABARRUS - 02-09","CABARRUS - 02-09","1.0000","AUTO_ACCEPT","exact_prec_id","CABARRUS - 12-09","CABARRUS - 02-07"
"CABARRUS - 03-00","CABARRUS - 03-00","1.0000","AUTO_ACCEPT","exact_prec_id","CABARRUS - 07-00","CABARRUS - 05-00"
"CABARRUS - 04-01","CABARRUS - 04-01","1.0000","AUTO_ACCEPT","exact_prec_id","CABARRUS - 01-04","CABARRUS - 02-01"
"CABARRUS - 04-03","CABARRUS - 04-03","1.0000","AUTO_ACCEPT","exact_prec_id","CABARRUS - 02-03","CABARRUS - 04-08"
"CABARRUS - 04-08","CABARRUS - 04-08","1.0000","AUTO_ACCEPT","exact_prec_id","CABARRUS - 01-08","CABARRUS - 04-09"
"CABARRUS - 04-09","CABARRUS - 04-09","1.0000","AUTO_ACCEPT","exact_prec_id","CABARRUS - 04-03","CABARRUS - 02-09"
"CABARRUS - 04-11","CABARRUS - 04-11","1.0000","AUTO_ACCEPT","exact_prec_id","CABARRUS - 04-12","CABARRUS - 04-13"
"CABARRUS - 04-12","CABARRUS - 04-12","1.0000","AUTO_ACCEPT","exact_prec_id","CABARRUS - 12-04","CABARRUS - 04-13"
"CABARRUS - 04-13","CABARRUS - 04-13","1.0000","AUTO_ACCEPT","exact_prec_id","CABARRUS - 04-03","CABARRUS - 04-12"
"CABARRUS - 05-00","CABARRUS - 05-00","1.0000","AUTO_ACCEPT","exact_prec_id","CABARRUS - 07-00","CABARRUS - 03-00"
"CABARRUS - 06-00","CABARRUS - 06-00","1.0000","AUTO_ACCEPT","exact_prec_id","CABARRUS - 07-00","CABARRUS - 05-00"
"CABARRUS - 07-00","CABARRUS - 07-00","1.0000","AUTO_ACCEPT","exact_prec_id","CABARRUS - 05-00","CABARRUS - 03-00"
"CABARRUS - 08-00","CABARRUS - 08-00","1.0000","AUTO_ACCEPT","exact_prec_id","CABARRUS - 07-00","CABARRUS - 05-00"
"CABARRUS - 09-00","CABARRUS - 09-00","1.0000","AUTO_ACCEPT","exact_prec_id","CABARRUS - 07-00","CABARRUS - 05-00"
"CABARRUS - 10-00","CABARRUS - 10-00","1.0000","AUTO_ACCEPT","exact_prec_id","CABARRUS - 01-10","CABARRUS - 07-00"
"CABARRUS - 11-01","CABARRUS - 11-01","1.0000","AUTO_ACCEPT","exact_prec_id","CABARRUS - 01-11","CABARRUS - 01-10"
"CABARRUS - 11-02","CABARRUS - 11-02","1.0000","AUTO_ACCEPT","exact_prec_id","CABARRUS - 11-01","CABARRUS - 01-02"
"CABARRUS - 12-03","CABARRUS - 12-03","1.0000","AUTO_ACCEPT","exact_prec_id","CABARRUS - 12-09","CABARRUS - 12-13"
"CABARRUS - 12-04","CABARRUS - 12-04","1.0000","AUTO_ACCEPT","exact_prec_id","CABARRUS - 04-12","CABARRUS - 12-03"
"CABARRUS - 12-05","CABARRUS - 12-05","1.0000","AUTO_ACCEPT","exact_prec_id","CABARRUS - 12-03","CABARRUS - 12-09"
"CABARRUS - 12-08","CABARRUS - 12-08","1.0000","AUTO_ACCEPT","exact_prec_id","CABARRUS - 01-08","CABARRUS - 12-03"
"CABARRUS - 12-09","CABARRUS - 12-09","1.0000","AUTO_ACCEPT","exact_prec_id","CABARRUS - 12-03","CABARRUS - 12-04"
"CABARRUS - 12-11","CABARRUS - 12-11","1.0000","AUTO_ACCEPT","exact_prec_id","CABARRUS - 12-13","CABARRUS - 12-12"
"CABARRUS - 12-12","CABARRUS - 12-12","1.0000","AUTO_ACCEPT","exact_prec_id","CABARRUS - 12-13","CABARRUS - 12-14"
"CABARRUS - 12-13","CABARRUS - 12-13","1.0000","AUTO_ACCEPT","exact_prec_id","CABARRUS - 12-03","CABARRUS - 12-12"
"CABARRUS - 12-14","CABARRUS - 12-14","1.0000","AUTO_ACCEPT","exact_prec_id","CABARRUS - 12-13","CABARRUS - 12-04"
"CUMBERLAND - CL57-1","CUMBERLAND - CL57-1","1.0000","AUTO_ACCEPT","exact_prec_id","CUMBERLAND - CL57-2","CUMBERLAND - AL51-1"
"CUMBERLAND - CL57-2","CUMBERLAND - CL57-2","1.0000","AUTO_ACCEPT","exact_prec_id","CUMBERLAND - CL57-1","CUMBERLAND - AL51-2"
"CUMBERLAND - G2C-1","CUMBERLAND - G2C-1","1.0000","AUTO_ACCEPT","exact_prec_id","CUMBERLAND - G2E-1","CUMBERLAND - G3A-1"
"CUMBERLAND - G2E-1","CUMBERLAND - G2E-1","1.0000","AUTO_ACCEPT","exact_prec_id","CUMBERLAND - G2C-1","CUMBERLAND - G2E-2"
"CUMBERLAND - G2E-2","CUMBERLAND - G2E-2","1.0000","AUTO_ACCEPT","exact_prec_id","CUMBERLAND - G2E-1","CUMBERLAND - G5B-2"
"CUMBERLAND - G3A-1","CUMBERLAND - G3A-1","1.0000","AUTO_ACCEPT","exact_prec_id","CUMBERLAND - G5A-1","CUMBERLAND - G3A-2C"
"CUMBERLAND - G5A-1","CUMBERLAND - G5A-1","1.0000","AUTO_ACCEPT","exact_prec_id","CUMBERLAND - G3A-1","CUMBERLAND - G5B-1"
"CUMBERLAND - G5A-2","CUMBERLAND - G5A-2","1.0000","AUTO_ACCEPT","exact_prec_id","CUMBERLAND - G5B-2","CUMBERLAND - G5A-1"
"CUMBERLAND - G5B-1","CUMBERLAND - G5B-1","1.0000","AUTO_ACCEPT","exact_prec_id","CUMBERLAND - G9B-1","CUMBERLAND - G5B-2"
"CUMBERLAND - G5B-2","CUMBERLAND - G5B-2","1.0000","AUTO_ACCEPT","exact_prec_id","CUMBERLAND - G9B-2","CUMBERLAND - G5B-1"
"CUMBERLAND - G9B-1","CUMBERLAND - G9B-1","1.0000","AUTO_ACCEPT","exact_prec_id","CUMBERLAND - G5B-1","CUMBERLAND - G9B-2"
"CUMBERLAND - G9B-2","CUMBERLAND - G9B-2","1.0000","AUTO_ACCEPT","exact_prec_id","CUMBERLAND - G5B-2","CUMBERLAND - G9B-1"
"CUMBERLAND - SL78-3","CUMBERLAND - SL78-3","1.0000","AUTO_ACCEPT","exact_prec_id","CUMBERLAND - AL51-3","CUMBERLAND - G9A-3"
"DURHAM - 01","DURHAM - 01","1.0000","AUTO_ACCEPT","exact_prec_id","DURHAM - 53-1","DURHAM - 33-1"
"DURHAM - 02","DURHAM - 02","1.0000","AUTO_ACCEPT","exact_prec_id","DURHAM - 30-2","DURHAM - 53-2"
"DURHAM - 03","DURHAM - 03","1.0000","AUTO_ACCEPT","exact_prec_id","DURHAM - 30-3",""
"DURHAM - 04","DURHAM - 04","1.0000","AUTO_ACCEPT","exact_prec_id","DURHAM - 30-4","DURHAM - 35-4"
"DURHAM - 05","DURHAM - 05","1.0000","AUTO_ACCEPT","exact_prec_id","DURHAM - 35-5",""
"DURHAM - 30-2","DURHAM - 30-2","1.0000","AUTO_ACCEPT","exact_prec_id","DURHAM - 02","DURHAM - 30-3"
"DURHAM - 34-1","DURHAM - 34-1","1.0000","AUTO_ACCEPT","exact_prec_id","DURHAM - 53-1","DURHAM - 33-1"
"DURHAM - 34-2","DURHAM - 34-2","1.0000","AUTO_ACCEPT","exact_prec_id","DURHAM - 30-2","DURHAM - 53-2"
"DURHAM - 53-2","DURHAM - 53-2","1.0000","AUTO_ACCEPT","exact_prec_id","DURHAM - 30-2","DURHAM - 53-1"
"DURHAM - 55-11","DURHAM - 55-11","1.0000","AUTO_ACCEPT","exact_prec_id","DURHAM - 55-49",""
"DURHAM - 55-49","DURHAM - 55-49","1.0000","AUTO_ACCEPT","exact_prec_id","DURHAM - 55-11",""
"GUILFORD - H27-A","GUILFORD - H27-A","1.0000","AUTO_ACCEPT","exact_prec_id","GUILFORD - H27-B",""
"GUILFORD - H27-B","GUILFORD - H27-B","1.0000","AUTO_ACCEPT","exact_prec_id","GUILFORD - H27-A",""
"HALIFAX - RR1-2","HALIFAX - RR1-2","1.0000","AUTO_ACCEPT","exact_prec_id","HALIFAX - WEL1-2",""
"HALIFAX - WEL1-2","HALIFAX - WEL1-2","1.0000","AUTO_ACCEPT","exact_prec_id","HALIFAX - RR1-2",""
"MECKLENBURG - 001","MECKLENBURG - 001","1.0000","AUTO_ACCEPT","exact_prec_id","MECKLENBURG - 078.1","MECKLENBURG - 107.1"
"MECKLENBURG - 078.1","MECKLENBURG - 078.1","1.0000","AUTO_ACCEPT","exact_prec_id","MECKLENBURG - 107.1","MECKLENBURG - 001"
"MECKLENBURG - 107.1","MECKLENBURG - 107.1","1.0000","AUTO_ACCEPT","exact_prec_id","MECKLENBURG - 078.1","MECKLENBURG - 139.1"
"MECKLENBURG - 139.1","MECKLENBURG - 139.1","1.0000","AUTO_ACCEPT","exact_prec_id","MECKLENBURG - 107.1","MECKLENBURG - 001"
"MECKLENBURG - 204.1","MECKLENBURG - 204.1","1.0000","AUTO_ACCEPT","exact_prec_id","MECKLENBURG - 001","MECKLENBURG - 078.1"
"MECKLENBURG - 223.1","MECKLENBURG - 223.1","1.0000","AUTO_ACCEPT","exact_prec_id","MECKLENBURG - 238.1","MECKLENBURG - 204.1"
"MECKLENBURG - 238.1","MECKLENBURG - 238.1","1.0000","AUTO_ACCEPT","exact_prec_id","MECKLENBURG - 223.1","MECKLENBURG - 078.1"
"WAKE - 01-01","WAKE - 01-01","1.0000","AUTO_ACCEPT","exact_prec_id","WAKE - 01-40","WAKE - 01-21"
"WAKE - 01-02","WAKE - 01-02","1.0000","AUTO_ACCEPT","exact_prec_id","WAKE - 02-01","WAKE - 01-40"
"WAKE - 01-03","WAKE - 01-03","1.0000","AUTO_ACCEPT","exact_prec_id","WAKE - 03-01","WAKE - 01-40"
"WAKE - 01-04","WAKE - 01-04","1.0000","AUTO_ACCEPT","exact_prec_id","WAKE - 04-01","WAKE - 01-40"
"WAKE - 01-05","WAKE - 01-05","1.0000","AUTO_ACCEPT","exact_prec_id","WAKE - 05-01","WAKE - 01-40"
"WAKE - 01-06","WAKE - 01-06","1.0000","AUTO_ACCEPT","exact_prec_id","WAKE - 01-40","WAKE - 10-06"
"WAKE - 01-07","WAKE - 01-07","1.0000","AUTO_ACCEPT","exact_prec_id","WAKE - 07-01","WAKE - 01-40"
"WAKE - 01-09","WAKE - 01-09","1.0000","AUTO_ACCEPT","exact_prec_id","WAKE - 09-01","WAKE - 01-40"
"WAKE - 01-10","WAKE - 01-10","1.0000","AUTO_ACCEPT","exact_prec_id","WAKE - 10-01","WAKE - 01-40"
"WAKE - 01-11","WAKE - 01-11","1.0000","AUTO_ACCEPT","exact_prec_id","WAKE - 11-01","WAKE - 01-21"
"WAKE - 01-12","WAKE - 01-12","1.0000","AUTO_ACCEPT","exact_prec_id","WAKE - 12-01","WAKE - 01-27"
"WAKE - 01-13","WAKE - 01-13","1.0000","AUTO_ACCEPT","exact_prec_id","WAKE - 13-01","WAKE - 01-21"
"WAKE - 01-14","WAKE - 01-14","1.0000","AUTO_ACCEPT","exact_prec_id","WAKE - 14-01","WAKE - 01-40"
"WAKE - 01-15","WAKE - 01-15","1.0000","AUTO_ACCEPT","exact_prec_id","WAKE - 15-01","WAKE - 01-21"
"WAKE - 01-16","WAKE - 01-16","1.0000","AUTO_ACCEPT","exact_prec_id","WAKE - 16-01","WAKE - 19-16"
"WAKE - 01-17","WAKE - 01-17","1.0000","AUTO_ACCEPT","exact_prec_id","WAKE - 17-01","WAKE - 01-27"
"WAKE - 01-18","WAKE - 01-18","1.0000","AUTO_ACCEPT","exact_prec_id","WAKE - 18-01","WAKE - 01-21"
"WAKE - 01-19","WAKE - 01-19","1.0000","AUTO_ACCEPT","exact_prec_id","WAKE - 01-21","WAKE - 04-19"
"WAKE - 01-20","WAKE - 01-20","1.0000","AUTO_ACCEPT","exact_prec_id","WAKE - 20-01","WAKE - 01-40"
"WAKE - 01-21","WAKE - 01-21","1.0000","AUTO_ACCEPT","exact_prec_id","WAKE - 01-27","WAKE - 01-42"
"WAKE - 01-22","WAKE - 01-22","1.0000","AUTO_ACCEPT","exact_prec_id","WAKE - 01-27","WAKE - 01-21"
"WAKE - 01-23","WAKE - 01-23","1.0000","AUTO_ACCEPT","exact_prec_id","WAKE - 01-27","WAKE - 01-21"
"WAKE - 01-25","WAKE - 01-25","1.0000","AUTO_ACCEPT","exact_prec_id","WAKE - 01-27","WAKE - 01-21"
"WAKE - 01-26","WAKE - 01-26","1.0000","AUTO_ACCEPT","exact_prec_id","WAKE - 01-27","WAKE - 01-21"
"WAKE - 01-27","WAKE - 01-27","1.0000","AUTO_ACCEPT","exact_prec_id","WAKE - 01-21","WAKE - 01-42"
"WAKE - 01-28","WAKE - 01-28","1.0000","AUTO_ACCEPT","exact_prec_id","WAKE - 01-27","WAKE - 01-21"
"WAKE - 01-29","WAKE - 01-29","1.0000","AUTO_ACCEPT","exact_prec_id","WAKE - 01-27","WAKE - 01-21"
"WAKE - 01-30","WAKE - 01-30","1.0000","AUTO_ACCEPT","exact_prec_id","WAKE - 01-40","WAKE - 01-10"
"WAKE - 01-31","WAKE - 01-31","1.0000","AUTO_ACCEPT","exact_prec_id","WAKE - 01-21","WAKE - 01-10"
"WAKE - 01-32","WAKE - 01-32","1.0000","AUTO_ACCEPT","exact_prec_id","WAKE - 01-27","WAKE - 01-21"
"WAKE - 01-33","WAKE - 01-33","1.0000","AUTO_ACCEPT","exact_prec_id","WAKE - 01-37","WAKE - 01-23"
"WAKE - 01-34","WAKE - 01-34","1.0000","AUTO_ACCEPT","exact_prec_id","WAKE - 01-40","WAKE - 01-42"
"WAKE - 01-35","WAKE - 01-35","1.0000","AUTO_ACCEPT","exact_prec_id","WAKE - 01-50","WAKE - 01-37"
"WAKE - 01-36","WAKE - 01-36","1.0000","AUTO_ACCEPT","exact_prec_id","WAKE - 01-16","WAKE - 01-37"
"WAKE - 01-37","WAKE - 01-37","1.0000","AUTO_ACCEPT","exact_prec_id","WAKE - 01-27","WAKE - 01-07"
"WAKE - 01-38","WAKE - 01-38","1.0000","AUTO_ACCEPT","exact_prec_id","WAKE - 01-37","WAKE - 01-48"
"WAKE - 01-39","WAKE - 01-39","1.0000","AUTO_ACCEPT","exact_prec_id","WAKE - 01-19","WAKE - 01-37"
"WAKE - 01-40","WAKE - 01-40","1.0000","AUTO_ACCEPT","exact_prec_id","WAKE - 01-42","WAKE - 01-10"
"WAKE - 01-41","WAKE - 01-41","1.0000","AUTO_ACCEPT","exact_prec_id","WAKE - 01-40","WAKE - 01-21"
"WAKE - 01-42","WAKE - 01-42","1.0000","AUTO_ACCEPT","exact_prec_id","WAKE - 01-40","WAKE - 01-27"
"WAKE - 01-43","WAKE - 01-43","1.0000","AUTO_ACCEPT","exact_prec_id","WAKE - 01-40","WAKE - 01-42"
"WAKE - 01-44","WAKE - 01-44","1.0000","AUTO_ACCEPT","exact_prec_id","WAKE - 01-40","WAKE - 01-42"
"WAKE - 01-45","WAKE - 01-45","1.0000","AUTO_ACCEPT","exact_prec_id","WAKE - 01-40","WAKE - 01-42"
"WAKE - 01-46","WAKE - 01-46","1.0000","AUTO_ACCEPT","exact_prec_id","WAKE - 01-40","WAKE - 01-42"
"WAKE - 01-47","WAKE - 01-47","1.0000","AUTO_ACCEPT","exact_prec_id","WAKE - 01-40","WAKE - 01-27"
"WAKE - 01-48","WAKE - 01-48","1.0000","AUTO_ACCEPT","exact_prec_id","WAKE - 01-40","WAKE - 01-42"
"WAKE - 01-49","WAKE - 01-49","1.0000","AUTO_ACCEPT","exact_prec_id","WAKE - 01-40","WAKE - 01-42"
"WAKE - 01-50","WAKE - 01-50","1.0000","AUTO_ACCEPT","exact_prec_id","WAKE - 01-40","WAKE - 01-10"
"WAKE - 01-51","WAKE - 01-51","1.0000","AUTO_ACCEPT","exact_prec_id","WAKE - 01-21","WAKE - 01-10"
"WAKE - 02-01","WAKE - 02-01","1.0000","AUTO_ACCEPT","exact_prec_id","WAKE - 01-02","WAKE - 02-06"
"WAKE - 02-02","WAKE - 02-02","1.0000","AUTO_ACCEPT","exact_prec_id","WAKE - 12-02","WAKE - 02-06"
"WAKE - 02-03","WAKE - 02-03","1.0000","AUTO_ACCEPT","exact_prec_id","WAKE - 03-02","WAKE - 09-03"
"WAKE - 02-04","WAKE - 02-04","1.0000","AUTO_ACCEPT","exact_prec_id","WAKE - 04-02","WAKE - 07-04"
"WAKE - 02-05","WAKE - 02-05","1.0000","AUTO_ACCEPT","exact_prec_id","WAKE - 01-05","WAKE - 10-05"
"WAKE - 02-06","WAKE - 02-06","1.0000","AUTO_ACCEPT","exact_prec_id","WAKE - 10-06","WAKE - 02-01"
"WAKE - 04-01","WAKE - 04-01","1.0000","AUTO_ACCEPT","exact_prec_id","WAKE - 01-04","WAKE - 01-40"
"WAKE - 04-02","WAKE - 04-02","1.0000","AUTO_ACCEPT","exact_prec_id","WAKE - 02-04","WAKE - 04-07"
"WAKE - 04-03","WAKE - 04-03","1.0000","AUTO_ACCEPT","exact_prec_id","WAKE - 04-07","WAKE - 04-04"
"WAKE - 04-04","WAKE - 04-04","1.0000","AUTO_ACCEPT","exact_prec_id","WAKE - 04-07","WAKE - 04-01"
"WAKE - 04-05","WAKE - 04-05","1.0000","AUTO_ACCEPT","exact_prec_id","WAKE - 01-05","WAKE - 04-07"
"WAKE - 04-06","WAKE - 04-06","1.0000","AUTO_ACCEPT","exact_prec_id","WAKE - 06-04","WAKE - 04-07"
"WAKE - 04-07","WAKE - 04-07","1.0000","AUTO_ACCEPT","exact_prec_id","WAKE - 07-04","WAKE - 04-04"
"WAKE - 04-08","WAKE - 04-08","1.0000","AUTO_ACCEPT","exact_prec_id","WAKE - 08-04","WAKE - 04-07"
"WAKE - 04-09","WAKE - 04-09","1.0000","AUTO_ACCEPT","exact_prec_id","WAKE - 04-07","WAKE - 04-04"
"WAKE - 04-10","WAKE - 04-10","1.0000","AUTO_ACCEPT","exact_prec_id","WAKE - 04-07","WAKE - 04-04"
"WAKE - 04-11","WAKE - 04-11","1.0000","AUTO_ACCEPT","exact_prec_id","WAKE - 08-11","WAKE - 04-01"
"WAKE - 04-12","WAKE - 04-12","1.0000","AUTO_ACCEPT","exact_prec_id","WAKE - 12-04","WAKE - 04-01"
"WAKE - 04-13","WAKE - 04-13","1.0000","AUTO_ACCEPT","exact_prec_id","WAKE - 01-13","WAKE - 04-01"
"WAKE - 04-14","WAKE - 04-14","1.0000","AUTO_ACCEPT","exact_prec_id","WAKE - 04-04","WAKE - 04-01"
"WAKE - 04-15","WAKE - 04-15","1.0000","AUTO_ACCEPT","exact_prec_id","WAKE - 15-04","WAKE - 04-01"
"WAKE - 04-16","WAKE - 04-16","1.0000","AUTO_ACCEPT","exact_prec_id","WAKE - 16-04","WAKE - 04-01"
"WAKE - 04-17","WAKE - 04-17","1.0000","AUTO_ACCEPT","exact_prec_id","WAKE - 04-07","WAKE - 04-01"
"WAKE - 04-18","WAKE - 04-18","1.0000","AUTO_ACCEPT","exact_prec_id","WAKE - 18-04","WAKE - 04-01"
"WAKE - 04-19","WAKE - 04-19","1.0000","AUTO_ACCEPT","exact_prec_id","WAKE - 04-01","WAKE - 04-13"
"WAKE - 04-20","WAKE - 04-20","1.0000","AUTO_ACCEPT","exact_prec_id","WAKE - 20-04","WAKE - 04-07"
"WAKE - 04-21","WAKE - 04-21","1.0000","AUTO_ACCEPT","exact_prec_id","WAKE - 04-01","WAKE - 04-13"
"WAKE - 05-01","WAKE - 05-01","1.0000","AUTO_ACCEPT","exact_prec_id","WAKE - 01-05","WAKE - 05-05"
"WAKE - 05-03","WAKE - 05-03","1.0000","AUTO_ACCEPT","exact_prec_id","WAKE - 09-03","WAKE - 04-03"
"WAKE - 05-05","WAKE - 05-05","1.0000","AUTO_ACCEPT","exact_prec_id","WAKE - 05-06","WAKE - 05-03"
"WAKE - 05-06","WAKE - 05-06","1.0000","AUTO_ACCEPT","exact_prec_id","WAKE - 06-05","WAKE - 10-06"
"WAKE - 05-08","WAKE - 05-08","1.0000","AUTO_ACCEPT","exact_prec_id","WAKE - 08-05","WAKE - 05-05"
"WAKE - 06-04","WAKE - 06-04","1.0000","AUTO_ACCEPT","exact_prec_id","WAKE - 04-06","WAKE - 07-04"
"WAKE - 06-05","WAKE - 06-05","1.0000","AUTO_ACCEPT","exact_prec_id","WAKE - 05-06","WAKE - 01-05"
"WAKE - 06-06","WAKE - 06-06","1.0000","AUTO_ACCEPT","exact_prec_id","WAKE - 06-04","WAKE - 06-08"
"WAKE - 06-07","WAKE - 06-07","1.0000","AUTO_ACCEPT","exact_prec_id","WAKE - 07-06","WAKE - 04-07"
"WAKE - 06-08","WAKE - 06-08","1.0000","AUTO_ACCEPT","exact_prec_id","WAKE - 08-06","WAKE - 20-08"
"WAKE - 06-10","WAKE - 06-10","1.0000","AUTO_ACCEPT","exact_prec_id","WAKE - 10-06","WAKE - 06-11"
"WAKE - 07-01","WAKE - 07-01","1.0000","AUTO_ACCEPT","exact_prec_id","WAKE - 01-07","WAKE - 07-04"
"WAKE - 07-02","WAKE - 07-02","1.0000","AUTO_ACCEPT","exact_prec_id","WAKE - 07-04","WAKE - 01-02"
"WAKE - 07-03","WAKE - 07-03","1.0000","AUTO_ACCEPT","exact_prec_id","WAKE - 07-04","WAKE - 10-03"
"WAKE - 07-04","WAKE - 07-04","1.0000","AUTO_ACCEPT","exact_prec_id","WAKE - 04-07","WAKE - 02-04"
"WAKE - 07-05","WAKE - 07-05","1.0000","AUTO_ACCEPT","exact_prec_id","WAKE - 05-07","WAKE - 01-05"
"WAKE - 07-06","WAKE - 07-06","1.0000","AUTO_ACCEPT","exact_prec_id","WAKE - 06-07","WAKE - 07-04"
"WAKE - 07-07","WAKE - 07-07","1.0000","AUTO_ACCEPT","exact_prec_id","WAKE - 07-09","WAKE - 17-07"
"WAKE - 07-09","WAKE - 07-09","1.0000","AUTO_ACCEPT","exact_prec_id","WAKE - 07-04","WAKE - 20-09"
"WAKE - 07-10","WAKE - 07-10","1.0000","AUTO_ACCEPT","exact_prec_id","WAKE - 07-04","WAKE - 17-10"
"WAKE - 07-11","WAKE - 07-11","1.0000","AUTO_ACCEPT","exact_prec_id","WAKE - 04-11","WAKE - 08-11"
"WAKE - 07-12","WAKE - 07-12","1.0000","AUTO_ACCEPT","exact_prec_id","WAKE - 12-07","WAKE - 17-12"
"WAKE - 07-13","WAKE - 07-13","1.0000","AUTO_ACCEPT","exact_prec_id","WAKE - 13-07","WAKE - 17-13"
"WAKE - 08-02","WAKE - 08-02","1.0000","AUTO_ACCEPT","exact_prec_id","WAKE - 18-02","WAKE - 01-02"
"WAKE - 08-03","WAKE - 08-03","1.0000","AUTO_ACCEPT","exact_prec_id","WAKE - 08-04","WAKE - 08-07"
"WAKE - 08-04","WAKE - 08-04","1.0000","AUTO_ACCEPT","exact_prec_id","WAKE - 04-08","WAKE - 07-04"
"WAKE - 08-05","WAKE - 08-05","1.0000","AUTO_ACCEPT","exact_prec_id","WAKE - 05-08","WAKE - 08-04"
"WAKE - 08-06","WAKE - 08-06","1.0000","AUTO_ACCEPT","exact_prec_id","WAKE - 06-08","WAKE - 08-04"
"WAKE - 08-07","WAKE - 08-07","1.0000","AUTO_ACCEPT","exact_prec_id","WAKE - 04-07","WAKE - 08-03"
"WAKE - 08-08","WAKE - 08-08","1.0000","AUTO_ACCEPT","exact_prec_id","WAKE - 08-04","WAKE - 08-07"
"WAKE - 08-09","WAKE - 08-09","1.0000","AUTO_ACCEPT","exact_prec_id","WAKE - 08-04","WAKE - 07-09"
"WAKE - 08-10","WAKE - 08-10","1.0000","AUTO_ACCEPT","exact_prec_id","WAKE - 08-04","WAKE - 08-07"
"WAKE - 08-11","WAKE - 08-11","1.0000","AUTO_ACCEPT","exact_prec_id","WAKE - 04-11","WAKE - 08-10"
"WAKE - 09-01","WAKE - 09-01","1.0000","AUTO_ACCEPT","exact_prec_id","WAKE - 01-09","WAKE - 02-01"
"WAKE - 09-02","WAKE - 09-02","1.0000","AUTO_ACCEPT","exact_prec_id","WAKE - 01-02","WAKE - 04-02"
"WAKE - 09-03","WAKE - 09-03","1.0000","AUTO_ACCEPT","exact_prec_id","WAKE - 04-03","WAKE - 10-03"
"WAKE - 10-01","WAKE - 10-01","1.0000","AUTO_ACCEPT","exact_prec_id","WAKE - 01-10","WAKE - 10-05"
"WAKE - 10-02","WAKE - 10-02","1.0000","AUTO_ACCEPT","exact_prec_id","WAKE - 10-05","WAKE - 10-01"
"WAKE - 10-03","WAKE - 10-03","1.0000","AUTO_ACCEPT","exact_prec_id","WAKE - 10-05","WAKE - 09-03"
"WAKE - 11-01","WAKE - 11-01","1.0000","AUTO_ACCEPT","exact_prec_id","WAKE - 01-11","WAKE - 01-10"
"WAKE - 11-02","WAKE - 11-02","1.0000","AUTO_ACCEPT","exact_prec_id","WAKE - 15-02","WAKE - 12-02"
"WAKE - 12-02","WAKE - 12-02","1.0000","AUTO_ACCEPT","exact_prec_id","WAKE - 12-01","WAKE - 12-08"
"WAKE - 12-04","WAKE - 12-04","1.0000","AUTO_ACCEPT","exact_prec_id","WAKE - 04-12","WAKE - 12-08"
"WAKE - 12-06","WAKE - 12-06","1.0000","AUTO_ACCEPT","exact_prec_id","WAKE - 06-12","WAKE - 12-01"
"WAKE - 12-07","WAKE - 12-07","1.0000","AUTO_ACCEPT","exact_prec_id","WAKE - 07-12","WAKE - 12-08"
"WAKE - 12-08","WAKE - 12-08","1.0000","AUTO_ACCEPT","exact_prec_id","WAKE - 12-01","WAKE - 12-02"
"WAKE - 12-09","WAKE - 12-09","1.0000","AUTO_ACCEPT","exact_prec_id","WAKE - 12-01","WAKE - 19-09"
"WAKE - 13-02","WAKE - 13-02","1.0000","AUTO_ACCEPT","exact_prec_id","WAKE - 15-02","WAKE - 12-02"
"WAKE - 13-05","WAKE - 13-05","1.0000","AUTO_ACCEPT","exact_prec_id","WAKE - 01-05","WAKE - 10-05"
"WAKE - 13-06","WAKE - 13-06","1.0000","AUTO_ACCEPT","exact_prec_id","WAKE - 10-06","WAKE - 13-08"
"WAKE - 13-07","WAKE - 13-07","1.0000","AUTO_ACCEPT","exact_prec_id","WAKE - 07-13","WAKE - 17-07"
"WAKE - 13-08","WAKE - 13-08","1.0000","AUTO_ACCEPT","exact_prec_id","WAKE - 12-08","WAKE - 18-08"
"WAKE - 13-09","WAKE - 13-09","1.0000","AUTO_ACCEPT","exact_prec_id","WAKE - 19-09","WAKE - 13-08"
"WAKE - 13-10","WAKE - 13-10","1.0000","AUTO_ACCEPT","exact_prec_id","WAKE - 12-10","WAKE - 13-08"
"WAKE - 13-11","WAKE - 13-11","1.0000","AUTO_ACCEPT","exact_prec_id","WAKE - 12-11","WAKE - 19-11"
"WAKE - 14-01","WAKE - 14-01","1.0000","AUTO_ACCEPT","exact_prec_id","WAKE - 01-14","WAKE - 01-40"
"WAKE - 14-02","WAKE - 14-02","1.0000","AUTO_ACCEPT","exact_prec_id","WAKE - 15-02","WAKE - 12-02"
"WAKE - 15-01","WAKE - 15-01","1.0000","AUTO_ACCEPT","exact_prec_id","WAKE - 01-15","WAKE - 11-01"
"WAKE - 15-02","WAKE - 15-02","1.0000","AUTO_ACCEPT","exact_prec_id","WAKE - 12-02","WAKE - 15-03"
"WAKE - 15-03","WAKE - 15-03","1.0000","AUTO_ACCEPT","exact_prec_id","WAKE - 18-03","WAKE - 15-02"
"WAKE - 15-04","WAKE - 15-04","1.0000","AUTO_ACCEPT","exact_prec_id","WAKE - 04-15","WAKE - 15-02"
"WAKE - 16-01","WAKE - 16-01","1.0000","AUTO_ACCEPT","exact_prec_id","WAKE - 01-16","WAKE - 16-03"
"WAKE - 16-02","WAKE - 16-02","1.0000","AUTO_ACCEPT","exact_prec_id","WAKE - 15-02","WAKE - 16-03"
"WAKE - 16-03","WAKE - 16-03","1.0000","AUTO_ACCEPT","exact_prec_id","WAKE - 18-03","WAKE - 10-03"
"WAKE - 16-04","WAKE - 16-04","1.0000","AUTO_ACCEPT","exact_prec_id","WAKE - 04-16","WAKE - 16-03"
"WAKE - 16-05","WAKE - 16-05","1.0000","AUTO_ACCEPT","exact_prec_id","WAKE - 01-05","WAKE - 10-05"
"WAKE - 16-06","WAKE - 16-06","1.0000","AUTO_ACCEPT","exact_prec_id","WAKE - 10-06","WAKE - 16-03"
"WAKE - 16-07","WAKE - 16-07","1.0000","AUTO_ACCEPT","exact_prec_id","WAKE - 17-07","WAKE - 16-03"
"WAKE - 16-09","WAKE - 16-09","1.0000","AUTO_ACCEPT","exact_prec_id","WAKE - 19-09","WAKE - 16-03"
"WAKE - 16-10","WAKE - 16-10","1.0000","AUTO_ACCEPT","exact_prec_id","WAKE - 16-03","WAKE - 12-10"
"WAKE - 16-11","WAKE - 16-11","1.0000","AUTO_ACCEPT","exact_prec_id","WAKE - 12-11","WAKE - 19-11"
"WAKE - 17-01","WAKE - 17-01","1.0000","AUTO_ACCEPT","exact_prec_id","WAKE - 01-17","WAKE - 17-12"
"WAKE - 17-02","WAKE - 17-02","1.0000","AUTO_ACCEPT","exact_prec_id","WAKE - 15-02","WAKE - 18-02"
"WAKE - 17-03","WAKE - 17-03","1.0000","AUTO_ACCEPT","exact_prec_id","WAKE - 17-07","WAKE - 17-13"
"WAKE - 17-05","WAKE - 17-05","1.0000","AUTO_ACCEPT","exact_prec_id","WAKE - 17-07","WAKE - 01-05"
"WAKE - 17-06","WAKE - 17-06","1.0000","AUTO_ACCEPT","exact_prec_id","WAKE - 17-07","WAKE - 17-02"
"WAKE - 17-07","WAKE - 17-07","1.0000","AUTO_ACCEPT","exact_prec_id","WAKE - 17-10","WAKE - 13-07"
"WAKE - 17-09","WAKE - 17-09","1.0000","AUTO_ACCEPT","exact_prec_id","WAKE - 07-09","WAKE - 17-07"
"WAKE - 17-10","WAKE - 17-10","1.0000","AUTO_ACCEPT","exact_prec_id","WAKE - 17-07","WAKE - 17-13"
"WAKE - 17-11","WAKE - 17-11","1.0000","AUTO_ACCEPT","exact_prec_id","WAKE - 17-13","WAKE - 12-11"
"WAKE - 17-12","WAKE - 17-12","1.0000","AUTO_ACCEPT","exact_prec_id","WAKE - 17-13","WAKE - 17-01"
"WAKE - 17-13","WAKE - 17-13","1.0000","AUTO_ACCEPT","exact_prec_id","WAKE - 17-01","WAKE - 01-13"
"WAKE - 18-01","WAKE - 18-01","1.0000","AUTO_ACCEPT","exact_prec_id","WAKE - 01-18","WAKE - 18-05"
"WAKE - 18-02","WAKE - 18-02","1.0000","AUTO_ACCEPT","exact_prec_id","WAKE - 18-05","WAKE - 18-03"
"WAKE - 18-03","WAKE - 18-03","1.0000","AUTO_ACCEPT","exact_prec_id","WAKE - 18-05","WAKE - 10-03"
"WAKE - 18-04","WAKE - 18-04","1.0000","AUTO_ACCEPT","exact_prec_id","WAKE - 04-18","WAKE - 18-05"
"WAKE - 18-05","WAKE - 18-05","1.0000","AUTO_ACCEPT","exact_prec_id","WAKE - 01-05","WAKE - 10-05"
"WAKE - 18-06","WAKE - 18-06","1.0000","AUTO_ACCEPT","exact_prec_id","WAKE - 18-05","WAKE - 18-03"
"WAKE - 18-07","WAKE - 18-07","1.0000","AUTO_ACCEPT","exact_prec_id","WAKE - 18-05","WAKE - 18-03"
"WAKE - 18-08","WAKE - 18-08","1.0000","AUTO_ACCEPT","exact_prec_id","WAKE - 12-08","WAKE - 18-05"
"WAKE - 19-03","WAKE - 19-03","1.0000","AUTO_ACCEPT","exact_prec_id","WAKE - 09-03","WAKE - 18-03"
"WAKE - 19-05","WAKE - 19-05","1.0000","AUTO_ACCEPT","exact_prec_id","WAKE - 01-05","WAKE - 10-05"
"WAKE - 19-07","WAKE - 19-07","1.0000","AUTO_ACCEPT","exact_prec_id","WAKE - 19-03","WAKE - 13-07"
"WAKE - 19-09","WAKE - 19-09","1.0000","AUTO_ACCEPT","exact_prec_id","WAKE - 19-05","WAKE - 19-19"
"WAKE - 19-11","WAKE - 19-11","1.0000","AUTO_ACCEPT","exact_prec_id","WAKE - 12-11","WAKE - 16-11"
"WAKE - 19-13","WAKE - 19-13","1.0000","AUTO_ACCEPT","exact_prec_id","WAKE - 17-13","WAKE - 19-16"
"WAKE - 19-14","WAKE - 19-14","1.0000","AUTO_ACCEPT","exact_prec_id","WAKE - 19-16","WAKE - 19-19"
"WAKE - 19-15","WAKE - 19-15","1.0000","AUTO_ACCEPT","exact_prec_id","WAKE - 19-17","WAKE - 19-05"
"WAKE - 19-16","WAKE - 19-16","1.0000","AUTO_ACCEPT","exact_prec_id","WAKE - 19-14","WAKE - 19-18"
"WAKE - 19-17","WAKE - 19-17","1.0000","AUTO_ACCEPT","exact_prec_id","WAKE - 19-16","WAKE - 19-14"
"WAKE - 19-18","WAKE - 19-18","1.0000","AUTO_ACCEPT","exact_prec_id","WAKE - 01-18","WAKE - 19-16"
"WAKE - 19-20","WAKE - 19-20","1.0000","AUTO_ACCEPT","exact_prec_id","WAKE - 01-20","WAKE - 19-22"
"WAKE - 19-21","WAKE - 19-21","1.0000","AUTO_ACCEPT","exact_prec_id","WAKE - 19-22","WAKE - 19-16"
"WAKE - 20-01","WAKE - 20-01","1.0000","AUTO_ACCEPT","exact_prec_id","WAKE - 01-20","WAKE - 20-09"
"WAKE - 20-03","WAKE - 20-03","1.0000","AUTO_ACCEPT","exact_prec_id","WAKE - 09-03","WAKE - 04-03"
"WAKE - 20-04","WAKE - 20-04","1.0000","AUTO_ACCEPT","exact_prec_id","WAKE - 04-20","WAKE - 07-04"
"WAKE - 20-05","WAKE - 20-05","1.0000","AUTO_ACCEPT","exact_prec_id","WAKE - 01-05","WAKE - 10-05"
"WAKE - 20-06A","WAKE - 20-06A","1.0000","AUTO_ACCEPT","exact_prec_id","WAKE - 20-06B","WAKE - 20-09"
"WAKE - 20-06B","WAKE - 20-06B","1.0000","AUTO_ACCEPT","exact_prec_id","WAKE - 20-06A","WAKE - 20-09"
"WAKE - 20-08","WAKE - 20-08","1.0000","AUTO_ACCEPT","exact_prec_id","WAKE - 12-08","WAKE - 20-09"
"WAKE - 20-09","WAKE - 20-09","1.0000","AUTO_ACCEPT","exact_prec_id","WAKE - 07-09","WAKE - 04-09"
"WAKE - 20-10","WAKE - 20-10","1.0000","AUTO_ACCEPT","exact_prec_id","WAKE - 08-10","WAKE - 20-09"
"WAKE - 20-11","WAKE - 20-11","1.0000","AUTO_ACCEPT","exact_prec_id","WAKE - 04-11","WAKE - 12-11"
"WAKE - 20-12","WAKE - 20-12","1.0000","AUTO_ACCEPT","exact_prec_id","WAKE - 12-01","WAKE - 01-20"
"WAKE - 20-15","WAKE - 20-15","1.0000","AUTO_ACCEPT","exact_prec_id","WAKE - 20-05","WAKE - 01-15"
"WAKE - 20-17","WAKE - 20-17","1.0000","AUTO_ACCEPT","exact_prec_id","WAKE - 20-15","WAKE - 04-17"
"IREDELL - DV1-B","IREDELL - DV1B-1","0.9100","AUTO_ACCEPT","compact_raw_in_code_desc","IREDELL - DV2B-1",""
"IREDELL - DV2-A","IREDELL - DV2A-1","0.9100","AUTO_ACCEPT","compact_raw_in_code_desc","IREDELL - DV2B-1","IREDELL - CH-A"
"CUMBERLAND - AL51","CUMBERLAND - AL51-1","0.9300","AUTO_REVIEW","raw_in_code_desc","CUMBERLAND - AL51-3","CUMBERLAND - AL51-2"
"CUMBERLAND - G3A-2","CUMBERLAND - G3A-2C","0.9300","AUTO_REVIEW","raw_in_code_desc","CUMBERLAND - G3A-1","CUMBERLAND - G5A-2"
"DURHAM - 33","DURHAM - 33-2","0.9300","AUTO_REVIEW","raw_in_code_desc","DURHAM - 33-1",""
"WAKE - 10-04","WAKE - 04-10","0.9100","MANUAL_REQUIRED","compact_raw_in_code_desc","WAKE - 10-05","WAKE - 07-04"
"WAKE - 17-04","WAKE - 04-17","0.9100","MANUAL_REQUIRED","compact_raw_in_code_desc","WAKE - 07-04","WAKE - 16-04"
"WAKE - 01-07A","WAKE - 01-07","0.8000","MANUAL_REQUIRED","fuzzy","WAKE - 01-40","WAKE - 01-27"
"WAKE - 07-07A","WAKE - 07-07","0.8000","MANUAL_REQUIRED","fuzzy","WAKE - 07-09","WAKE - 17-07"
"DURHAM - 30-1","DURHAM - 01","0.7200","MANUAL_REQUIRED","fuzzy","DURHAM - 30-3","DURHAM - 30-2"
"CUMBERLAND - G2C-2","CUMBERLAND - G2C-1","0.6750","MANUAL_REQUIRED","fuzzy","CUMBERLAND - G2E-2","CUMBERLAND - G5B-2"
"WAKE - 03-00","WAKE - 03-01","0.6750","MANUAL_REQUIRED","fuzzy","WAKE - 03-02","WAKE - 09-03"
"WAKE - 06-09","WAKE - 20-09","0.6750","MANUAL_REQUIRED","fuzzy","WAKE - 06-06","WAKE - 06-10"
"WAKE - 12-05","WAKE - 01-05","0.6750","MANUAL_REQUIRED","fuzzy","WAKE - 12-08","WAKE - 10-05"
"WAKE - 19-12","WAKE - 19-16","0.6750","MANUAL_REQUIRED","fuzzy","WAKE - 19-14","WAKE - 19-18"
"DURHAM - 35.3","DURHAM - 30-3","0.6000","MANUAL_REQUIRED","fuzzy","DURHAM - 35-4","DURHAM - 35-5"
"BURKE - 0029-A","BURKE - 0047-A","0.5400","MANUAL_REQUIRED","fuzzy","BURKE - 0071",""
"BURKE - 0029-B","BURKE - 0047-B","0.5400","MANUAL_REQUIRED","fuzzy","BURKE - 0071",""
"CUMBERLAND - EO61-1","CUMBERLAND - G2E-1","0.4000","MANUAL_REQUIRED","fuzzy","CUMBERLAND - AL51-1","CUMBERLAND - G2C-1"
"CUMBERLAND - EO61-2","CUMBERLAND - G2E-2","0.4000","MANUAL_REQUIRED","fuzzy","CUMBERLAND - AL51-2","CUMBERLAND - G5B-2"
"ALAMANCE - 03S","","0.0000","MANUAL_REQUIRED","none","",""
"BLADEN - BAY TREE FIRE DEPT","","0.0000","MANUAL_REQUIRED","none","",""
"BLADEN - BLAD COUNTY GYM","","0.0000","MANUAL_REQUIRED","none","",""
"BLADEN - BOOK T. WASHINGTON","","0.0000","MANUAL_REQUIRED","none","",""
"BLADEN - EAST ARCADIA","","0.0000","MANUAL_REQUIRED","none","",""
"BLADEN - SPAULDING MONROE","","0.0000","MANUAL_REQUIRED","none","",""
"BLADEN - TAR HEEL MUNI BLD","","0.0000","MANUAL_REQUIRED","none","",""
"BRUNSWICK - 04A","","0.0000","MANUAL_REQUIRED","none","",""
"BRUNSWICK - 04B2","","0.0000","MANUAL_REQUIRED","none","",""
"BRUNSWICK - 10A","","0.0000","MANUAL_REQUIRED","none","",""
"BRUNSWICK - 10B","","0.0000","MANUAL_REQUIRED","none","",""
"BUNCOMBE - AVML","","0.0000","MANUAL_REQUIRED","none","",""
"BUNCOMBE - AVOM","","0.0000","MANUAL_REQUIRED","none","",""
"BUNCOMBE - BMBL","","0.0000","MANUAL_REQUIRED","none","",""
"BUNCOMBE - BTFD","","0.0000","MANUAL_REQUIRED","none","",""
"BUNCOMBE - ECBL","","0.0000","MANUAL_REQUIRED","none","",""
"BUNCOMBE - FVCC","","0.0000","MANUAL_REQUIRED","none","",""
"BUNCOMBE - HACC","","0.0000","MANUAL_REQUIRED","none","",""
"BUNCOMBE - LECC","","0.0000","MANUAL_REQUIRED","none","",""
"BUNCOMBE - LSKY","","0.0000","MANUAL_REQUIRED","none","",""
"BUNCOMBE - REYV","","0.0000","MANUAL_REQUIRED","none","",""
"BUNCOMBE - SBBL","","0.0000","MANUAL_REQUIRED","none","",""
"BUNCOMBE - TCRK","","0.0000","MANUAL_REQUIRED","none","",""
"BUNCOMBE - UNCA","","0.0000","MANUAL_REQUIRED","none","",""
"BUNCOMBE - WACC","","0.0000","MANUAL_REQUIRED","none","",""
"BUNCOMBE - WGSC","","0.0000","MANUAL_REQUIRED","none","",""
"BUNCOMBE - WVTH","","0.0000","MANUAL_REQUIRED","none","",""
"BURKE - 0053","","0.0000","MANUAL_REQUIRED","none","",""
"BURKE - 0065","","0.0000","MANUAL_REQUIRED","none","",""
"CALDWELL - PR01","","0.0000","MANUAL_REQUIRED","none","",""
"CALDWELL - PR02","","0.0000","MANUAL_REQUIRED","none","",""
"CALDWELL - PR07","","0.0000","MANUAL_REQUIRED","none","",""
"CALDWELL - PR13","","0.0000","MANUAL_REQUIRED","none","",""
"CALDWELL - PR14","","0.0000","MANUAL_REQUIRED","none","",""
"CALDWELL - PR16","","0.0000","MANUAL_REQUIRED","none","",""
"CALDWELL - PR17","","0.0000","MANUAL_REQUIRED","none","",""
"CALDWELL - PR18","","0.0000","MANUAL_REQUIRED","none","",""
"CALDWELL - PR21","","0.0000","MANUAL_REQUIRED","none","",""
"CALDWELL - PR22","","0.0000","MANUAL_REQUIRED","none","",""
"CALDWELL - PR24","","0.0000","MANUAL_REQUIRED","none","",""
"CALDWELL - PR25","","0.0000","MANUAL_REQUIRED","none","",""
"CALDWELL - PR29","","0.0000","MANUAL_REQUIRED","none","",""
"CALDWELL - PR30","","0.0000","MANUAL_REQUIRED","none","",""
"CALDWELL - PR31","","0.0000","MANUAL_REQUIRED","none","",""
"CALDWELL - PR32","","0.0000","MANUAL_REQUIRED","none","",""
"CALDWELL - PR33","","0.0000","MANUAL_REQUIRED","none","",""
"CALDWELL - PR34","","0.0000","MANUAL_REQUIRED","none","",""
"CALDWELL - PR35","","0.0000","MANUAL_REQUIRED","none","",""
"CARTERET - CCCP","","0.0000","MANUAL_REQUIRED","none","",""
"CARTERET - ISPK","","0.0000","MANUAL_REQUIRED","none","",""
"CHATHAM - 20","","0.0000","MANUAL_REQUIRED","none","",""
"CHATHAM - 24","","0.0000","MANUAL_REQUIRED","none","",""
"CHATHAM - 45","","0.0000","MANUAL_REQUIRED","none","",""
"CHATHAM - 6","","0.0000","MANUAL_REQUIRED","none","",""
"CHATHAM - MCH110","","0.0000","MANUAL_REQUIRED","none","",""
"CHATHAM - PIT113","","0.0000","MANUAL_REQUIRED","none","",""
"COLUMBUS - P03","","0.0000","MANUAL_REQUIRED","none","",""
"COLUMBUS - P04","","0.0000","MANUAL_REQUIRED","none","",""
"COLUMBUS - P05","","0.0000","MANUAL_REQUIRED","none","",""
"COLUMBUS - P08","","0.0000","MANUAL_REQUIRED","none","",""
"COLUMBUS - P09","","0.0000","MANUAL_REQUIRED","none","",""
"COLUMBUS - P10","","0.0000","MANUAL_REQUIRED","none","",""
"COLUMBUS - P12","","0.0000","MANUAL_REQUIRED","none","",""
"COLUMBUS - P13","","0.0000","MANUAL_REQUIRED","none","",""
"COLUMBUS - P18","","0.0000","MANUAL_REQUIRED","none","",""
"COLUMBUS - P21","","0.0000","MANUAL_REQUIRED","none","",""
"CUMBERLAND - G2B","","0.0000","MANUAL_REQUIRED","none","",""
"CUMBERLAND - G2D","","0.0000","MANUAL_REQUIRED","none","",""
"CURRITUCK - CI","","0.0000","MANUAL_REQUIRED","none","",""
"CURRITUCK - MY","","0.0000","MANUAL_REQUIRED","none","",""
"DURHAM - 39","","0.0000","MANUAL_REQUIRED","none","",""
"EDGECOMBE - DET OF SOCIAL SERVICES","","0.0000","MANUAL_REQUIRED","none","",""
"EDGECOMBE - PINES CHAP FELLSHIP HALL","","0.0000","MANUAL_REQUIRED","none","",""
"FORSYTH - 011","","0.0000","MANUAL_REQUIRED","none","",""
"FORSYTH - 072","","0.0000","MANUAL_REQUIRED","none","",""
"FORSYTH - 082","","0.0000","MANUAL_REQUIRED","none","",""
"FORSYTH - 122","","0.0000","MANUAL_REQUIRED","none","",""
"FORSYTH - 201","","0.0000","MANUAL_REQUIRED","none","",""
"FORSYTH - 507","","0.0000","MANUAL_REQUIRED","none","",""
"GUILFORD - ONE-STOP","","0.0000","MANUAL_REQUIRED","none","",""
"HENDERSON - CV","","0.0000","MANUAL_REQUIRED","none","",""
"HERTFORD - BOE OFFICE","","0.0000","MANUAL_REQUIRED","none","",""
"HERTFORD - MURFREE CNTR","","0.0000","MANUAL_REQUIRED","none","",""
"IREDELL - BA","","0.0000","MANUAL_REQUIRED","none","",""
"JOHNSTON - ARCHER LODGE","","0.0000","MANUAL_REQUIRED","none","",""
"JOHNSTON - BENSON","","0.0000","MANUAL_REQUIRED","none","",""
"JOHNSTON - CLAYTON","","0.0000","MANUAL_REQUIRED","none","",""
"JOHNSTON - CLEVELAND","","0.0000","MANUAL_REQUIRED","none","",""
"JOHNSTON - PROVIDENCE","","0.0000","MANUAL_REQUIRED","none","",""
"JOHNSTON - SELMA","","0.0000","MANUAL_REQUIRED","none","",""
"JOHNSTON - SMITHFIELD","","0.0000","MANUAL_REQUIRED","none","",""
"MARTIN - HS","","0.0000","MANUAL_REQUIRED","none","",""
"MARTIN - PP","","0.0000","MANUAL_REQUIRED","none","",""
"MARTIN - R1","","0.0000","MANUAL_REQUIRED","none","",""
"MARTIN - R2","","0.0000","MANUAL_REQUIRED","none","",""
"MARTIN - W","","0.0000","MANUAL_REQUIRED","none","",""
"MOORE - PHB1","","0.0000","MANUAL_REQUIRED","none","",""
"MOORE - WKWD","","0.0000","MANUAL_REQUIRED","none","",""
"NEW HANOVER - H03","","0.0000","MANUAL_REQUIRED","none","",""
"NEW HANOVER - W13","","0.0000","MANUAL_REQUIRED","none","",""
"NEW HANOVER - W18","","0.0000","MANUAL_REQUIRED","none","",""
"NEW HANOVER - W24","","0.0000","MANUAL_REQUIRED","none","",""
"NEW HANOVER - W28","","0.0000","MANUAL_REQUIRED","none","",""
"ORANGE - CB","","0.0000","MANUAL_REQUIRED","none","",""
"ORANGE - CP","","0.0000","MANUAL_REQUIRED","none","",""
"ORANGE - LC","","0.0000","MANUAL_REQUIRED","none","",""
"PAMLICO - 1AL A","","0.0000","MANUAL_REQUIRED","none","",""
"PAMLICO - 1GB","","0.0000","MANUAL_REQUIRED","none","",""
"PAMLICO - 2SW","","0.0000","MANUAL_REQUIRED","none","",""
"PAMLICO - 3BY","","0.0000","MANUAL_REQUIRED","none","",""
"PAMLICO - 4HB","","0.0000","MANUAL_REQUIRED","none","",""
"PAMLICO - 4MSIC","","0.0000","MANUAL_REQUIRED","none","",""
"PAMLICO - 4VM A","","0.0000","MANUAL_REQUIRED","none","",""
"PENDER - PL10","","0.0000","MANUAL_REQUIRED","none","",""
"PERSON - RCTL","","0.0000","MANUAL_REQUIRED","none","",""
"RICHMOND - BROWDER","","0.0000","MANUAL_REQUIRED","none","",""
"RICHMOND - CO OP","","0.0000","MANUAL_REQUIRED","none","",""
"RICHMOND - ELLERBE","","0.0000","MANUAL_REQUIRED","none","",""
"RICHMOND - HAMLET","","0.0000","MANUAL_REQUIRED","none","",""
"STANLY - 0007","","0.0000","MANUAL_REQUIRED","none","",""
"STANLY - 0008","","0.0000","MANUAL_REQUIRED","none","",""
"STANLY - 0010","","0.0000","MANUAL_REQUIRED","none","",""
"STANLY - 0013","","0.0000","MANUAL_REQUIRED","none","",""
"STANLY - 0020","","0.0000","MANUAL_REQUIRED","none","",""
"SURRY - 13","","0.0000","MANUAL_REQUIRED","none","",""
"UNION - 020A","","0.0000","MANUAL_REQUIRED","none","",""
"WAKE - ABSEN 1-40","","0.0000","MANUAL_REQUIRED","none","",""
"WAKE - ABSEN 121-128","","0.0000","MANUAL_REQUIRED","none","",""
"WAKE - ABSEN 81-120","","0.0000","MANUAL_REQUIRED","none","",""
"WAKE - OSAB 1-40","","0.0000","MANUAL_REQUIRED","none","",""
"WAKE - OSAB 121-128","","0.0000","MANUAL_REQUIRED","none","",""
"WAKE - OSAB 81-120","","0.0000","MANUAL_REQUIRED","none","",""
"WAKE - OSAP 1-40","","0.0000","MANUAL_REQUIRED","none","",""
"WAKE - OSAP 121-128","","0.0000","MANUAL_REQUIRED","none","",""
"WAKE - OSAP 81-120","","0.0000","MANUAL_REQUIRED","none","",""
"WAKE - OSAV 1-40","","0.0000","MANUAL_REQUIRED","none","",""
"WAKE - OSAV 121-128","","0.0000","MANUAL_REQUIRED","none","",""
"WAKE - OSAV 81-120","","0.0000","MANUAL_REQUIRED","none","",""
"WAKE - OSBR 1-40","","0.0000","MANUAL_REQUIRED","none","",""
"WAKE - OSBR 121-128","","0.0000","MANUAL_REQUIRED","none","",""
"WAKE - OSBR 81-120","","0.0000","MANUAL_REQUIRED","none","",""
"WAKE - OSCA 1-40","","0.0000","MANUAL_REQUIRED","none","",""
"WAKE - OSCA 121-128","","0.0000","MANUAL_REQUIRED","none","",""
"WAKE - OSCA 81-120","","0.0000","MANUAL_REQUIRED","none","",""
"WAKE - OSCM 1-40","","0.0000","MANUAL_REQUIRED","none","",""
"WAKE - OSCM 121-128","","0.0000","MANUAL_REQUIRED","none","",""
"WAKE - OSCM 81-120","","0.0000","MANUAL_REQUIRED","none","",""
"WAKE - OSCS 1-40","","0.0000","MANUAL_REQUIRED","none","",""
"WAKE - OSCS 121-128","","0.0000","MANUAL_REQUIRED","none","",""
"WAKE - OSCS 81-120","","0.0000","MANUAL_REQUIRED","none","",""
"WAKE - OSGR 1-40","","0.0000","MANUAL_REQUIRED","none","",""
"WAKE - OSGR 121-128","","0.0000","MANUAL_REQUIRED","none","",""
"WAKE - OSGR 81-120","","0.0000","MANUAL_REQUIRED","none","",""
"WAKE - OSHS 1-40","","0.0000","MANUAL_REQUIRED","none","",""
"WAKE - OSHS 121-128","","0.0000","MANUAL_REQUIRED","none","",""
"WAKE - OSHS 81-120","","0.0000","MANUAL_REQUIRED","none","",""
"WAKE - OSKD 1-40","","0.0000","MANUAL_REQUIRED","none","",""
"WAKE - OSKD 121-128","","0.0000","MANUAL_REQUIRED","none","",""
"WAKE - OSKD 81-120","","0.0000","MANUAL_REQUIRED","none","",""
"WAKE - OSLH 1-40","","0.0000","MANUAL_REQUIRED","none","",""
"WAKE - OSLH 121-128","","0.0000","MANUAL_REQUIRED","none","",""
"WAKE - OSLH 81-120","","0.0000","MANUAL_REQUIRED","none","",""
"WAKE - OSLL 1-40","","0.0000","MANUAL_REQUIRED","none","",""
"WAKE - OSLL 121-128","","0.0000","MANUAL_REQUIRED","none","",""
"WAKE - OSLL 81-120","","0.0000","MANUAL_REQUIRED","none","",""
"WAKE - OSNR 1-40","","0.0000","MANUAL_REQUIRED","none","",""
"WAKE - OSNR 121-128","","0.0000","MANUAL_REQUIRED","none","",""
"WAKE - OSNR 81-120","","0.0000","MANUAL_REQUIRED","none","",""
"WAKE - OSOP 1-40","","0.0000","MANUAL_REQUIRED","none","",""
"WAKE - OSOP 121-128","","0.0000","MANUAL_REQUIRED","none","",""
"WAKE - OSOP 81-120","","0.0000","MANUAL_REQUIRED","none","",""
"WAKE - OSRB 1-40","","0.0000","MANUAL_REQUIRED","none","",""
"WAKE - OSRB 121-128","","0.0000","MANUAL_REQUIRED","none","",""
"WAKE - OSRB 81-120","","0.0000","MANUAL_REQUIRED","none","",""
"WAKE - OSTA 1-40","","0.0000","MANUAL_REQUIRED","none","",""
"WAKE - OSTA 121-128","","0.0000","MANUAL_REQUIRED","none","",""
"WAKE - OSTA 81-120","","0.0000","MANUAL_REQUIRED","none","",""
"WAKE - OSWA 1-40","","0.0000","MANUAL_REQUIRED","none","",""
"WAKE - OSWA 121-128","","0.0000","MANUAL_REQUIRED","none","",""
"WAKE - OSWA 81-120","","0.0000","MANUAL_REQUIRED","none","",""
"WAKE - OSWN 1-40","","0.0000","MANUAL_REQUIRED","none","",""
"WAKE - OSWN 121-128","","0.0000","MANUAL_REQUIRED","none","",""
"WAKE - OSWN 81-120","","0.0000","MANUAL_REQUIRED","none","",""
"WAKE - OSWO 1-40","","0.0000","MANUAL_REQUIRED","none","",""
"WAKE - OSWO 121-128","","0.0000","MANUAL_REQUIRED","none","",""
"WAKE - OSWO 81-120","","0.0000","MANUAL_REQUIRED","none","",""
"WAKE - OSZB 1-40","","0.0000","MANUAL_REQUIRED","none","",""
"WAKE - OSZB 121-128","","0.0000","MANUAL_REQUIRED","none","",""
"WAKE - OSZB 81-120","","0.0000","MANUAL_REQUIRED","none","",""
"WAKE - PROVI 1-40","","0.0000","MANUAL_REQUIRED","none","",""
"WAKE - PROVI 121-128","","0.0000","MANUAL_REQUIRED","none","",""
"WAKE - PROVI 81-120","","0.0000","MANUAL_REQUIRED","none","",""
"WAKE - TRANS 1-40","","0.0000","MANUAL_REQUIRED","none","",""
"WAKE - TRANS 121-128","","0.0000","MANUAL_REQUIRED","none","",""
"WAKE - TRANS 81-120","","0.0000","MANUAL_REQUIRED","none","",""
"WILKES - 120","","0.0000","MANUAL_REQUIRED","none","",""
"WILKES - 121","","0.0000","MANUAL_REQUIRED","none","",""
"WILKES - 123","","0.0000","MANUAL_REQUIRED","none","",""
"WILKES - 124","","0.0000","MANUAL_REQUIRED","none","",""
