year,status,raw_precinct_key,count,suggested_canonical_precinct_key,score,tier,reason,candidate_2,candidate_3
2016,AMBIGUOUS,GATES - 4N,12,GATES - 4N,1.0000,AUTO_ACCEPT,exact_prec_id,,
2016,AMBIGUOUS,GATES - 4S,12,GATES - 4S,1.0000,AUTO_ACCEPT,exact_prec_id,,
2016,AMBIGUOUS,ROBESON - 11A,12,ROBESON - 11A,1.0000,AUTO_ACCEPT,exact_prec_id,,
2016,AMBIGUOUS,WAKE - 01-07A,12,WAKE - 01-07,0.8000,MANUAL_REQUIRED,fuzzy,WAKE - 01-37,WAKE - 01-17
2016,AMBIGUOUS,WAKE - 07-07A,12,WAKE - 07-07,0.8000,MANUAL_REQUIRED,fuzzy,WAKE - 17-07,WAKE - 07-10
2016,AMBIGUOUS,DURHAM - 30-1,12,DURHAM - 01,0.7200,MANUAL_REQUIRED,fuzzy,DURHAM - 33-1,DURHAM - 34-1
2016,AMBIGUOUS,CABARRUS - 01-06,12,CABARRUS - 01-07,0.6750,MANUAL_REQUIRED,fuzzy,CABARRUS - 02-06,CABARRUS - 01-04
2016,AMBIGUOUS,CABARRUS - 01-09,12,CABARRUS - 01-02,0.6750,MANUAL_REQUIRED,fuzzy,CABARRUS - 04-09,CABARRUS - 01-04
2016,AMBIGUOUS,CABARRUS - 04-02,12,CABARRUS - 04-01,0.6750,MANUAL_REQUIRED,fuzzy,CABARRUS - 04-03,CABARRUS - 01-02
2016,AMBIGUOUS,CABARRUS - 04-04,12,CABARRUS - 04-09,0.6750,MANUAL_REQUIRED,fuzzy,CABARRUS - 04-01,CABARRUS - 04-08
2016,AMBIGUOUS,CABARRUS - 04-05,12,CABARRUS - 04-09,0.6750,MANUAL_REQUIRED,fuzzy,CABARRUS - 04-01,CABARRUS - 02-05
2016,AMBIGUOUS,CABARRUS - 04-06,12,CABARRUS - 04-09,0.6750,MANUAL_REQUIRED,fuzzy,CABARRUS - 04-01,CABARRUS - 04-08
2016,AMBIGUOUS,CABARRUS - 04-07,12,CABARRUS - 02-07,0.6750,MANUAL_REQUIRED,fuzzy,CABARRUS - 04-09,CABARRUS - 04-01
2016,AMBIGUOUS,CABARRUS - 04-10,12,CABARRUS - 04-13,0.6750,MANUAL_REQUIRED,fuzzy,CABARRUS - 04-09,CABARRUS - 04-01
2016,AMBIGUOUS,CABARRUS - 12-01,12,CABARRUS - 12-03,0.6750,MANUAL_REQUIRED,fuzzy,CABARRUS - 12-12,CABARRUS - 12-05
2016,AMBIGUOUS,CABARRUS - 12-02,12,CABARRUS - 12-03,0.6750,MANUAL_REQUIRED,fuzzy,CABARRUS - 02-02,CABARRUS - 12-12
2016,AMBIGUOUS,CABARRUS - 12-06,12,CABARRUS - 12-03,0.6750,MANUAL_REQUIRED,fuzzy,CABARRUS - 12-05,CABARRUS - 12-08
2016,AMBIGUOUS,CABARRUS - 12-07,12,CABARRUS - 01-07,0.6750,MANUAL_REQUIRED,fuzzy,CABARRUS - 02-07,CABARRUS - 12-03
2016,AMBIGUOUS,CABARRUS - 12-10,12,CABARRUS - 12-14,0.6750,MANUAL_REQUIRED,fuzzy,CABARRUS - 12-03,CABARRUS - 01-10
2016,AMBIGUOUS,WAKE - 03-00,12,WAKE - 03-02,0.6750,MANUAL_REQUIRED,fuzzy,WAKE - 03-01,WAKE - 18-03
2016,AMBIGUOUS,WAKE - 06-09,12,WAKE - 06-06,0.6750,MANUAL_REQUIRED,fuzzy,WAKE - 04-09,WAKE - 20-09
2016,AMBIGUOUS,WAKE - 12-05,12,WAKE - 12-06,0.6750,MANUAL_REQUIRED,fuzzy,WAKE - 02-05,WAKE - 12-10
2016,AMBIGUOUS,WAKE - 16-08,12,WAKE - 16-10,0.6750,MANUAL_REQUIRED,fuzzy,WAKE - 16-02,WAKE - 16-07
2016,AMBIGUOUS,WAKE - 17-08,12,WAKE - 17-07,0.6750,MANUAL_REQUIRED,fuzzy,WAKE - 17-09,WAKE - 18-08
2016,AMBIGUOUS,WAKE - 19-10,12,WAKE - 13-10,0.6750,MANUAL_REQUIRED,fuzzy,WAKE - 16-10,WAKE - 19-07
2016,AMBIGUOUS,WAKE - 19-12,12,WAKE - 19-11,0.6750,MANUAL_REQUIRED,fuzzy,WAKE - 17-12,WAKE - 19-18
2016,AMBIGUOUS,CUMBERLAND - G11A-1,12,CUMBERLAND - G5A-1,0.6000,MANUAL_REQUIRED,fuzzy,CUMBERLAND - G3A-1,CUMBERLAND - G9B-1
2016,AMBIGUOUS,DURHAM - 35.3,12,DURHAM - 35-5,0.6000,MANUAL_REQUIRED,fuzzy,DURHAM - 35-4,DURHAM - 30-3
2016,AMBIGUOUS,BURKE - 0029-A,12,BURKE - 0047-A,0.5400,MANUAL_REQUIRED,fuzzy,BURKE - 0071,
2016,AMBIGUOUS,BURKE - 0029-B,12,BURKE - 0047-B,0.5400,MANUAL_REQUIRED,fuzzy,BURKE - 0071,
2016,AMBIGUOUS,CALDWELL - PR08,12,CALDWELL - 3,0.1286,MANUAL_REQUIRED,fuzzy,,
2016,UNMATCHED,ALAMANCE - 03S,12,,0.0000,MANUAL_REQUIRED,none,,
2016,UNMATCHED,ANSON - W1,12,,0.0000,MANUAL_REQUIRED,none,,
2016,UNMATCHED,ANSON - W2,12,,0.0000,MANUAL_REQUIRED,none,,
2016,UNMATCHED,ANSON - W3,12,,0.0000,MANUAL_REQUIRED,none,,
2016,UNMATCHED,BRUNSWICK - 04A,12,,0.0000,MANUAL_REQUIRED,none,,
2016,UNMATCHED,BRUNSWICK - 04B1,12,,0.0000,MANUAL_REQUIRED,none,,
2016,UNMATCHED,BRUNSWICK - 04C1,12,,0.0000,MANUAL_REQUIRED,none,,
2016,UNMATCHED,BRUNSWICK - 10A,12,,0.0000,MANUAL_REQUIRED,none,,
2016,UNMATCHED,BRUNSWICK - 10B,12,,0.0000,MANUAL_REQUIRED,none,,
2016,UNMATCHED,BURKE - 0053,12,,0.0000,MANUAL_REQUIRED,none,,
2016,UNMATCHED,BURKE - 0065,12,,0.0000,MANUAL_REQUIRED,none,,
2016,UNMATCHED,CALDWELL - PR16,12,,0.0000,MANUAL_REQUIRED,none,,
2016,UNMATCHED,CALDWELL - PR17,12,,0.0000,MANUAL_REQUIRED,none,,
2016,UNMATCHED,CALDWELL - PR18,12,,0.0000,MANUAL_REQUIRED,none,,
2016,UNMATCHED,CALDWELL - PR21,12,,0.0000,MANUAL_REQUIRED,none,,
2016,UNMATCHED,CALDWELL - PR22,12,,0.0000,MANUAL_REQUIRED,none,,
2016,UNMATCHED,CALDWELL - PR24,12,,0.0000,MANUAL_REQUIRED,none,,
2016,UNMATCHED,CALDWELL - PR25,12,,0.0000,MANUAL_REQUIRED,none,,
2016,UNMATCHED,CALDWELL - PR29,12,,0.0000,MANUAL_REQUIRED,none,,
2016,UNMATCHED,CALDWELL - PR30,12,,0.0000,MANUAL_REQUIRED,none,,
2016,UNMATCHED,CALDWELL - PR31,12,,0.0000,MANUAL_REQUIRED,none,,
2016,UNMATCHED,CALDWELL - PR32,12,,0.0000,MANUAL_REQUIRED,none,,
2016,UNMATCHED,CALDWELL - PR33,12,,0.0000,MANUAL_REQUIRED,none,,
2016,UNMATCHED,CALDWELL - PR34,12,,0.0000,MANUAL_REQUIRED,none,,
2016,UNMATCHED,CALDWELL - PR35,12,,0.0000,MANUAL_REQUIRED,none,,
2016,UNMATCHED,CARTERET - ATSL,12,,0.0000,MANUAL_REQUIRED,none,,
2016,UNMATCHED,CARTERET - CCCP,12,,0.0000,MANUAL_REQUIRED,none,,
2016,UNMATCHED,CARTERET - CISL,12,,0.0000,MANUAL_REQUIRED,none,,
2016,UNMATCHED,CARTERET - IBSP,12,,0.0000,MANUAL_REQUIRED,none,,
2016,UNMATCHED,CARTERET - OTBE,12,,0.0000,MANUAL_REQUIRED,none,,
2016,UNMATCHED,CARTERET - PKNL,12,,0.0000,MANUAL_REQUIRED,none,,
2016,UNMATCHED,CHATHAM - 20,12,,0.0000,MANUAL_REQUIRED,none,,
2016,UNMATCHED,CHATHAM - 24,12,,0.0000,MANUAL_REQUIRED,none,,
2016,UNMATCHED,CHATHAM - 45,12,,0.0000,MANUAL_REQUIRED,none,,
2016,UNMATCHED,CHATHAM - 6,12,,0.0000,MANUAL_REQUIRED,none,,
2016,UNMATCHED,CHATHAM - MCH110,12,,0.0000,MANUAL_REQUIRED,none,,
2016,UNMATCHED,CHATHAM - PIT113,12,,0.0000,MANUAL_REQUIRED,none,,
2016,UNMATCHED,COLUMBUS - P03,12,,0.0000,MANUAL_REQUIRED,none,,
2016,UNMATCHED,COLUMBUS - P04,12,,0.0000,MANUAL_REQUIRED,none,,
2016,UNMATCHED,COLUMBUS - P05,12,,0.0000,MANUAL_REQUIRED,none,,
2016,UNMATCHED,COLUMBUS - P08,12,,0.0000,MANUAL_REQUIRED,none,,
2016,UNMATCHED,COLUMBUS - P09,12,,0.0000,MANUAL_REQUIRED,none,,
2016,UNMATCHED,COLUMBUS - P10,12,,0.0000,MANUAL_REQUIRED,none,,
2016,UNMATCHED,COLUMBUS - P12,12,,0.0000,MANUAL_REQUIRED,none,,
2016,UNMATCHED,COLUMBUS - P13,12,,0.0000,MANUAL_REQUIRED,none,,
2016,UNMATCHED,COLUMBUS - P18,12,,0.0000,MANUAL_REQUIRED,none,,
2016,UNMATCHED,COLUMBUS - P21,12,,0.0000,MANUAL_REQUIRED,none,,
2016,UNMATCHED,CRAVEN - 04,12,,0.0000,MANUAL_REQUIRED,none,,
2016,UNMATCHED,CRAVEN - 06,12,,0.0000,MANUAL_REQUIRED,none,,
2016,UNMATCHED,CRAVEN - 08,12,,0.0000,MANUAL_REQUIRED,none,,
2016,UNMATCHED,CRAVEN - 09,12,,0.0000,MANUAL_REQUIRED,none,,
2016,UNMATCHED,CRAVEN - 10,12,,0.0000,MANUAL_REQUIRED,none,,
2016,UNMATCHED,CRAVEN - 12,12,,0.0000,MANUAL_REQUIRED,none,,
2016,UNMATCHED,CRAVEN - 13,12,,0.0000,MANUAL_REQUIRED,none,,
2016,UNMATCHED,CRAVEN - 14,12,,0.0000,MANUAL_REQUIRED,none,,
2016,UNMATCHED,CRAVEN - 15,12,,0.0000,MANUAL_REQUIRED,none,,
2016,UNMATCHED,CRAVEN - N3,12,,0.0000,MANUAL_REQUIRED,none,,
2016,UNMATCHED,CRAVEN - N5,12,,0.0000,MANUAL_REQUIRED,none,,
2016,UNMATCHED,CUMBERLAND - CC05,12,,0.0000,MANUAL_REQUIRED,none,,
2016,UNMATCHED,CUMBERLAND - CC19,12,,0.0000,MANUAL_REQUIRED,none,,
2016,UNMATCHED,CUMBERLAND - G2B,12,,0.0000,MANUAL_REQUIRED,none,,
2016,UNMATCHED,CUMBERLAND - G2D,12,,0.0000,MANUAL_REQUIRED,none,,
2016,UNMATCHED,CURRITUCK - CI,12,,0.0000,MANUAL_REQUIRED,none,,
2016,UNMATCHED,CURRITUCK - MY,12,,0.0000,MANUAL_REQUIRED,none,,
2016,UNMATCHED,DURHAM - 39,12,,0.0000,MANUAL_REQUIRED,none,,
2016,UNMATCHED,FORSYTH - 011,12,,0.0000,MANUAL_REQUIRED,none,,
2016,UNMATCHED,FORSYTH - 072,12,,0.0000,MANUAL_REQUIRED,none,,
2016,UNMATCHED,FORSYTH - 082,12,,0.0000,MANUAL_REQUIRED,none,,
2016,UNMATCHED,FORSYTH - 122,12,,0.0000,MANUAL_REQUIRED,none,,
2016,UNMATCHED,FORSYTH - 201,12,,0.0000,MANUAL_REQUIRED,none,,
2016,UNMATCHED,FORSYTH - 507,12,,0.0000,MANUAL_REQUIRED,none,,
2016,UNMATCHED,FORSYTH - ABS/PROV/CURB 1,12,,0.0000,MANUAL_REQUIRED,none,,
2016,UNMATCHED,FORSYTH - ABS/PROV/CURB 2,12,,0.0000,MANUAL_REQUIRED,none,,
2016,UNMATCHED,FORSYTH - ABS/PROV/CURB 3,12,,0.0000,MANUAL_REQUIRED,none,,
2016,UNMATCHED,FORSYTH - ABS/PROV/CURB 4,12,,0.0000,MANUAL_REQUIRED,none,,
2016,UNMATCHED,GUILFORD - ABS/CURB/PROV 4,12,,0.0000,MANUAL_REQUIRED,none,,
2016,UNMATCHED,GUILFORD - ABS/PROV/CURB 1,12,,0.0000,MANUAL_REQUIRED,none,,
2016,UNMATCHED,GUILFORD - ABS/PROV/CURB 2,12,,0.0000,MANUAL_REQUIRED,none,,
2016,UNMATCHED,GUILFORD - ABS/PROV/CURB 3,12,,0.0000,MANUAL_REQUIRED,none,,
2016,UNMATCHED,HALIFAX - LIT 1,12,,0.0000,MANUAL_REQUIRED,none,,
2016,UNMATCHED,HALIFAX - LIT 2,12,,0.0000,MANUAL_REQUIRED,none,,
2016,UNMATCHED,HALIFAX - RR 4,12,,0.0000,MANUAL_REQUIRED,none,,
2016,UNMATCHED,HALIFAX - RR 5,12,,0.0000,MANUAL_REQUIRED,none,,
2016,UNMATCHED,HALIFAX - RR 9,12,,0.0000,MANUAL_REQUIRED,none,,
2016,UNMATCHED,HALIFAX - RRC,12,,0.0000,MANUAL_REQUIRED,none,,
2016,UNMATCHED,HENDERSON - CV,12,,0.0000,MANUAL_REQUIRED,none,,
2016,UNMATCHED,IREDELL - BA,12,,0.0000,MANUAL_REQUIRED,none,,
2016,UNMATCHED,MACON - OSBOE,12,,0.0000,MANUAL_REQUIRED,none,,
2016,UNMATCHED,MACON - OSHOS,12,,0.0000,MANUAL_REQUIRED,none,,
2016,UNMATCHED,MARTIN - HS,12,,0.0000,MANUAL_REQUIRED,none,,
2016,UNMATCHED,MARTIN - PP,12,,0.0000,MANUAL_REQUIRED,none,,
2016,UNMATCHED,MARTIN - R1,12,,0.0000,MANUAL_REQUIRED,none,,
2016,UNMATCHED,MARTIN - R2,12,,0.0000,MANUAL_REQUIRED,none,,
2016,UNMATCHED,MARTIN - W,12,,0.0000,MANUAL_REQUIRED,none,,
2016,UNMATCHED,MOORE - PHB1,12,,0.0000,MANUAL_REQUIRED,none,,
2016,UNMATCHED,MOORE - WKWD,12,,0.0000,MANUAL_REQUIRED,none,,
2016,UNMATCHED,NEW HANOVER - H03,12,,0.0000,MANUAL_REQUIRED,none,,
2016,UNMATCHED,NEW HANOVER - W13,12,,0.0000,MANUAL_REQUIRED,none,,
2016,UNMATCHED,NEW HANOVER - W18,12,,0.0000,MANUAL_REQUIRED,none,,
2016,UNMATCHED,NEW HANOVER - W24,12,,0.0000,MANUAL_REQUIRED,none,,
2016,UNMATCHED,NEW HANOVER - W28,12,,0.0000,MANUAL_REQUIRED,none,,
2016,UNMATCHED,NORTHAMPTON - CONWAY,12,,0.0000,MANUAL_REQUIRED,none,,
2016,UNMATCHED,NORTHAMPTON - GARYSB,12,,0.0000,MANUAL_REQUIRED,none,,
2016,UNMATCHED,NORTHAMPTON - JACKSO,12,,0.0000,MANUAL_REQUIRED,none,,
2016,UNMATCHED,NORTHAMPTON - MILWAU,12,,0.0000,MANUAL_REQUIRED,none,,
2016,UNMATCHED,NORTHAMPTON - PENDLE,12,,0.0000,MANUAL_REQUIRED,none,,
2016,UNMATCHED,NORTHAMPTON - PLEASA,12,,0.0000,MANUAL_REQUIRED,none,,
2016,UNMATCHED,NORTHAMPTON - POTECA,12,,0.0000,MANUAL_REQUIRED,none,,
2016,UNMATCHED,NORTHAMPTON - REHOBE,12,,0.0000,MANUAL_REQUIRED,none,,
2016,UNMATCHED,NORTHAMPTON - WOODLA,12,,0.0000,MANUAL_REQUIRED,none,,
2016,UNMATCHED,ORANGE - BC,12,,0.0000,MANUAL_REQUIRED,none,,
2016,UNMATCHED,ORANGE - BP,12,,0.0000,MANUAL_REQUIRED,none,,
2016,UNMATCHED,ORANGE - CB,12,,0.0000,MANUAL_REQUIRED,none,,
2016,UNMATCHED,ORANGE - CP,12,,0.0000,MANUAL_REQUIRED,none,,
2016,UNMATCHED,ORANGE - GR,12,,0.0000,MANUAL_REQUIRED,none,,
2016,UNMATCHED,ORANGE - LC,12,,0.0000,MANUAL_REQUIRED,none,,
2016,UNMATCHED,ORANGE - LI,12,,0.0000,MANUAL_REQUIRED,none,,
2016,UNMATCHED,ORANGE - MF,12,,0.0000,MANUAL_REQUIRED,none,,
2016,UNMATCHED,PAMLICO - 1AL A,12,,0.0000,MANUAL_REQUIRED,none,,
2016,UNMATCHED,PAMLICO - 1GB,12,,0.0000,MANUAL_REQUIRED,none,,
2016,UNMATCHED,PAMLICO - 2SW,12,,0.0000,MANUAL_REQUIRED,none,,
2016,UNMATCHED,PAMLICO - 3BY,12,,0.0000,MANUAL_REQUIRED,none,,
2016,UNMATCHED,PAMLICO - 4HB,12,,0.0000,MANUAL_REQUIRED,none,,
2016,UNMATCHED,PAMLICO - 4MSIC,12,,0.0000,MANUAL_REQUIRED,none,,
2016,UNMATCHED,PAMLICO - 4VM A,12,,0.0000,MANUAL_REQUIRED,none,,
2016,UNMATCHED,PENDER - MH07,12,,0.0000,MANUAL_REQUIRED,none,,
2016,UNMATCHED,PENDER - PL10,12,,0.0000,MANUAL_REQUIRED,none,,
2016,UNMATCHED,PERSON - RCTL,12,,0.0000,MANUAL_REQUIRED,none,,
2016,UNMATCHED,SCOTLAND - 08,12,,0.0000,MANUAL_REQUIRED,none,,
2016,UNMATCHED,SCOTLAND - 09,12,,0.0000,MANUAL_REQUIRED,none,,
2016,UNMATCHED,STANLY - 0002,12,,0.0000,MANUAL_REQUIRED,none,,
2016,UNMATCHED,STANLY - 0007,12,,0.0000,MANUAL_REQUIRED,none,,
2016,UNMATCHED,STANLY - 0008,12,,0.0000,MANUAL_REQUIRED,none,,
2016,UNMATCHED,STANLY - 0010,12,,0.0000,MANUAL_REQUIRED,none,,
2016,UNMATCHED,STANLY - 0012,12,,0.0000,MANUAL_REQUIRED,none,,
2016,UNMATCHED,STANLY - 0013,12,,0.0000,MANUAL_REQUIRED,none,,
2016,UNMATCHED,STANLY - 0020,12,,0.0000,MANUAL_REQUIRED,none,,
2016,UNMATCHED,STOKES - 06,12,,0.0000,MANUAL_REQUIRED,none,,
2016,UNMATCHED,SURRY - 02,12,,0.0000,MANUAL_REQUIRED,none,,
2016,UNMATCHED,SURRY - 03,12,,0.0000,MANUAL_REQUIRED,none,,
2016,UNMATCHED,SURRY - 06,12,,0.0000,MANUAL_REQUIRED,none,,
2016,UNMATCHED,SURRY - 07,12,,0.0000,MANUAL_REQUIRED,none,,
2016,UNMATCHED,SURRY - 08,12,,0.0000,MANUAL_REQUIRED,none,,
2016,UNMATCHED,SURRY - 13,12,,0.0000,MANUAL_REQUIRED,none,,
2016,UNMATCHED,SURRY - 14,12,,0.0000,MANUAL_REQUIRED,none,,
2016,UNMATCHED,SURRY - 20,12,,0.0000,MANUAL_REQUIRED,none,,
2016,UNMATCHED,SURRY - 21,12,,0.0000,MANUAL_REQUIRED,none,,
2016,UNMATCHED,SURRY - 33,12,,0.0000,MANUAL_REQUIRED,none,,
2016,UNMATCHED,UNION - 020A,12,,0.0000,MANUAL_REQUIRED,none,,
2016,UNMATCHED,WAKE - ABSEN 81-91,12,,0.0000,MANUAL_REQUIRED,none,,
2016,UNMATCHED,WAKE - OSAB 81-91,12,,0.0000,MANUAL_REQUIRED,none,,
2016,UNMATCHED,WAKE - OSAP 81-91,12,,0.0000,MANUAL_REQUIRED,none,,
2016,UNMATCHED,WAKE - OSAV 81-91,12,,0.0000,MANUAL_REQUIRED,none,,
2016,UNMATCHED,WAKE - OSCA 81-91,12,,0.0000,MANUAL_REQUIRED,none,,
2016,UNMATCHED,WAKE - OSCB 81-91,12,,0.0000,MANUAL_REQUIRED,none,,
2016,UNMATCHED,WAKE - OSCH 81-91,12,,0.0000,MANUAL_REQUIRED,none,,
2016,UNMATCHED,WAKE - OSFB 81-91,12,,0.0000,MANUAL_REQUIRED,none,,
2016,UNMATCHED,WAKE - OSFV 81-91,12,,0.0000,MANUAL_REQUIRED,none,,
2016,UNMATCHED,WAKE - OSGR 81-91,12,,0.0000,MANUAL_REQUIRED,none,,
2016,UNMATCHED,WAKE - OSHS 81-91,12,,0.0000,MANUAL_REQUIRED,none,,
2016,UNMATCHED,WAKE - OSKD 81-91,12,,0.0000,MANUAL_REQUIRED,none,,
2016,UNMATCHED,WAKE - OSLL 81-91,12,,0.0000,MANUAL_REQUIRED,none,,
2016,UNMATCHED,WAKE - OSLOB 81-91,12,,0.0000,MANUAL_REQUIRED,none,,
2016,UNMATCHED,WAKE - OSNB 81-91,12,,0.0000,MANUAL_REQUIRED,none,,
2016,UNMATCHED,WAKE - OSNR 81-91,12,,0.0000,MANUAL_REQUIRED,none,,
2016,UNMATCHED,WAKE - OSOP 81-91,12,,0.0000,MANUAL_REQUIRED,none,,
2016,UNMATCHED,WAKE - OSTC 81-91,12,,0.0000,MANUAL_REQUIRED,none,,
2016,UNMATCHED,WAKE - OSWA 81-91,12,,0.0000,MANUAL_REQUIRED,none,,
2016,UNMATCHED,WAKE - OSWD 81-91,12,,0.0000,MANUAL_REQUIRED,none,,
2016,UNMATCHED,WAKE - OSZB 81-91,12,,0.0000,MANUAL_REQUIRED,none,,
2016,UNMATCHED,WAKE - PROVI 81-91,12,,0.0000,MANUAL_REQUIRED,none,,
2016,UNMATCHED,WAKE - TRANS 81-91,12,,0.0000,MANUAL_REQUIRED,none,,
2016,UNMATCHED,WAYNE - 20,12,,0.0000,MANUAL_REQUIRED,none,,
2016,UNMATCHED,WAYNE - 30,12,,0.0000,MANUAL_REQUIRED,none,,
2016,UNMATCHED,WILKES - 110,12,,0.0000,MANUAL_REQUIRED,none,,
2016,UNMATCHED,WILKES - 113,12,,0.0000,MANUAL_REQUIRED,none,,
2016,UNMATCHED,WILKES - 120,12,,0.0000,MANUAL_REQUIRED,none,,
2016,UNMATCHED,WILKES - 121,12,,0.0000,MANUAL_REQUIRED,none,,
2016,UNMATCHED,WILKES - 123,12,,0.0000,MANUAL_REQUIRED,none,,
2016,UNMATCHED,WILKES - 124,12,,0.0000,MANUAL_REQUIRED,none,,
