countyfp20,precinct_id,CVAP_TOT24
105,LEE - A1,5633
105,LEE - A2,6385
105,LEE - B1,2008
105,LEE - B2,3246
105,LEE - C1,6259
105,LEE - C2,4893
105,LEE - D1,4606
105,LEE - D2,3979
105,LEE - E1,3487
105,LEE - E2,5668
009,ASHE - 02,1149
009,ASHE - 03,459
009,ASHE - 04,495
009,ASHE - 06,522
009,ASHE - 07,386
009,ASHE - 08,202
009,ASHE - 09,3672
009,ASHE - 10,243
009,ASHE - 11,1908
009,ASHE - 12,969
009,ASHE - 13,976
009,ASHE - 14,2838
009,ASHE - 15,1283
009,ASHE - 16,2354
009,ASHE - 17,942
009,ASHE - 18,142
009,ASHE - 20,3505
055,DARE - EL,97
055,DARE - MH,633
073,GATES - 1,1797
073,GATES - 2,1051
073,GATES - 3,1607
073,GATES - 5,1172
093,HOKE - 01,525
093,HOKE - 02,2746
093,HOKE - 03,894
093,HOKE - 04,1016
093,HOKE - 05,2294
093,HOKE - 12,4267
093,HOKE - 13,1412
093,HOKE - 14,6367
093,HOKE - 15,3660
093,HOKE - 61,1447
093,HOKE - 62,1052
093,HOKE - 63,3269
093,HOKE - 64,2551
093,HOKE - 65,592
095,HYDE - BM,448
095,HYDE - FF,812
095,HYDE - LL,424
095,HYDE - SQ,623
007,ANSON - MM,1233
007,ANSON - WS,266
011,AVERY - 01,895
011,AVERY - 02,3354
011,AVERY - 03,534
011,AVERY - 04,96
011,AVERY - 05,363
011,AVERY - 06,1131
011,AVERY - 07,185
011,AVERY - 08,283
011,AVERY - 09,371
011,AVERY - 10,2004
011,AVERY - 11,536
011,AVERY - 12,242
011,AVERY - 13,488
011,AVERY - 14,990
011,AVERY - 15,937
011,AVERY - 16,1191
011,AVERY - 17,415
011,AVERY - 18,315
011,AVERY - 19,285
041,CHOWAN - 1,2357
041,CHOWAN - 2,3337
041,CHOWAN - 3,1975
041,CHOWAN - 4,805
041,CHOWAN - 5,894
041,CHOWAN - 6,1544
055,DARE - BUX,1027
055,DARE - COL,3987
055,DARE - HAT,150
055,DARE - KDH,5969
055,DARE - WAN,1286
059,DAVIE - 01,1125
059,DAVIE - 02,1136
059,DAVIE - 03,2922
059,DAVIE - 04,2160
059,DAVIE - 05,2635
059,DAVIE - 06,1529
059,DAVIE - 07,2173
059,DAVIE - 08,2889
059,DAVIE - 09,2596
059,DAVIE - 10,3002
059,DAVIE - 11,2045
059,DAVIE - 12,3382
059,DAVIE - 13,3595
059,DAVIE - 14,2463
073,GATES - 4N,1737
073,GATES - 4S,912
093,HOKE - 06B,5166
095,HYDE - ENG,408
095,HYDE - OCK,530
107,LENOIR - C,1664
107,LENOIR - I,1882
107,LENOIR - N,3668
107,LENOIR - V,2106
107,LENOIR - W,1185
113,MACON - 01,3402
113,MACON - 02,1636
113,MACON - 03,2255
113,MACON - 04,1541
113,MACON - 05,3160
113,MACON - 06,2596
113,MACON - 07,2018
113,MACON - 08,487
113,MACON - 09,2956
113,MACON - 10,559
113,MACON - 11,3114
113,MACON - 12,2170
113,MACON - 13,827
113,MACON - 14,767
113,MACON - 15,2383
135,ORANGE - H,1402
159,ROWAN - 01,1723
159,ROWAN - 02,1404
159,ROWAN - 03,2235
159,ROWAN - 04,4079
159,ROWAN - 07,2348
159,ROWAN - 08,3928
159,ROWAN - 09,2326
159,ROWAN - 10,3780
159,ROWAN - 11,3130
159,ROWAN - 12,1653
159,ROWAN - 13,1831
159,ROWAN - 15,3586
159,ROWAN - 16,3698
159,ROWAN - 17,3406
159,ROWAN - 18,1187
159,ROWAN - 21,2925
159,ROWAN - 22,1128
159,ROWAN - 23,2087
159,ROWAN - 24,1539
159,ROWAN - 25,4100
159,ROWAN - 26,1790
159,ROWAN - 27,1285
159,ROWAN - 28,3314
159,ROWAN - 29,1308
159,ROWAN - 30,3059
159,ROWAN - 31,1689
159,ROWAN - 32,1638
159,ROWAN - 33,1765
159,ROWAN - 34,4334
159,ROWAN - 35,1289
159,ROWAN - 36,3169
159,ROWAN - 38,3721
159,ROWAN - 39,2477
159,ROWAN - 40,3025
159,ROWAN - 41,3350
159,ROWAN - 42,1680
159,ROWAN - 44,3219
159,ROWAN - 45,1547
171,SURRY - 01,1981
171,SURRY - 04,2047
171,SURRY - 05,2649
171,SURRY - 09,1829
171,SURRY - 10,1416
171,SURRY - 11,1916
171,SURRY - 12,2803
171,SURRY - 15,2113
171,SURRY - 16,1697
171,SURRY - 17,1499
171,SURRY - 18,2074
171,SURRY - 19,2934
171,SURRY - 22,1628
171,SURRY - 23,1746
171,SURRY - 24,724
171,SURRY - 25,1726
171,SURRY - 26,3223
171,SURRY - 27,2327
171,SURRY - 28,1579
171,SURRY - 29,3655
171,SURRY - 30,4636
171,SURRY - 32,3322
171,SURRY - 34,4454
181,VANCE - CC,2209
181,VANCE - CH,4564
077,VANCE - NH,3772
181,VANCE - NV,1365
181,VANCE - SH,3881
181,VANCE - WH,3769
191,WAYNE - 01,2631
191,WAYNE - 02,4563
191,WAYNE - 03,3810
191,WAYNE - 04,5088
191,WAYNE - 05,3726
191,WAYNE - 06,2822
191,WAYNE - 07,4631
191,WAYNE - 08,3196
191,WAYNE - 09,3459
191,WAYNE - 10,2104
191,WAYNE - 11,2973
191,WAYNE - 12,3988
191,WAYNE - 13,1886
191,WAYNE - 14,3678
191,WAYNE - 15,3112
191,WAYNE - 16,2479
191,WAYNE - 17,1782
191,WAYNE - 18,1907
191,WAYNE - 21,1722
191,WAYNE - 22,2493
191,WAYNE - 23,2557
191,WAYNE - 24,3067
191,WAYNE - 26,2734
191,WAYNE - 27,1509
191,WAYNE - 28,3458
191,WAYNE - 29,1714
007,ANSON - ANS,1272
015,BERTIE - C1,1457
015,BERTIE - C2,1172
015,BERTIE - IW,262
015,BERTIE - M1,657
015,BERTIE - M2,784
015,BERTIE - MH,617
015,BERTIE - RX,1184
015,BERTIE - SN,816
015,BERTIE - W1,4755
015,BERTIE - W2,391
015,BERTIE - WD,816
015,BERTIE - WH,1169
029,CAMDEN - CH,2712
029,CAMDEN - SH,2030
029,CAMDEN - SM,3583
037,CHATHAM - 3,2117
037,CHATHAM - 9,1806
043,CLAY - BRAS,536
043,CLAY - HAY1,1169
043,CLAY - HAY2,1830
043,CLAY - HAYC,472
043,CLAY - HIAW,1725
043,CLAY - SHCR,1759
043,CLAY - SWEE,686
043,CLAY - TUSQ,668
043,CLAY - WARN,777
049,CRAVEN - 02,14248
049,CRAVEN - 03,3410
049,CRAVEN - 05,2575
049,CRAVEN - 07,1927
049,CRAVEN - 11,3036
049,CRAVEN - 16,4500
049,CRAVEN - 17,2868
049,CRAVEN - 19,2966
049,CRAVEN - 20,3287
049,CRAVEN - 21,3051
049,CRAVEN - 23,5258
049,CRAVEN - N1,1970
049,CRAVEN - N2,2436
049,CRAVEN - N4,6382
049,CRAVEN - N6,4954
055,DARE - AVON,794
055,DARE - CHCA,634
055,DARE - DUCK,677
055,DARE - FRCO,663
055,DARE - KTHK,2850
055,DARE - MATO,5268
055,DARE - NGHD,2793
055,DARE - SOSH,3247
055,DARE - STPT,159
063,DURHAM - 01,1384
063,DURHAM - 02,3982
063,DURHAM - 03,2369
063,DURHAM - 04,1424
063,DURHAM - 05,6972
063,DURHAM - 06,1754
063,DURHAM - 07,2759
063,DURHAM - 08,3275
063,DURHAM - 09,2334
063,DURHAM - 10,3045
063,DURHAM - 12,723
063,DURHAM - 13,1179
063,DURHAM - 14,2464
063,DURHAM - 15,1105
063,DURHAM - 17,3568
063,DURHAM - 18,2186
063,DURHAM - 19,3070
063,DURHAM - 20,2109
063,DURHAM - 21,1796
063,DURHAM - 22,6627
063,DURHAM - 23,7546
063,DURHAM - 24,4285
063,DURHAM - 25,3007
063,DURHAM - 26,1034
063,DURHAM - 27,3039
063,DURHAM - 28,5846
063,DURHAM - 29,5721
063,DURHAM - 31,6849
063,DURHAM - 32,6179
063,DURHAM - 36,2842
063,DURHAM - 37,6478
063,DURHAM - 38,8182
063,DURHAM - 40,2491
063,DURHAM - 41,1053
063,DURHAM - 42,1352
063,DURHAM - 43,6841
063,DURHAM - 44,6539
063,DURHAM - 45,5091
063,DURHAM - 46,2996
063,DURHAM - 47,2618
063,DURHAM - 50,4285
063,DURHAM - 51,4938
063,DURHAM - 52,3186
063,DURHAM - 54,8476
063,DURHAM - 56,5725
063,DURHAM - 57,6046
071,GASTON - 1A,3729
071,GASTON - 2A,5235
071,GASTON - 3A,4823
071,GASTON - 4A,6214
071,GASTON - 5A,6224
071,GASTON - 6A,5067
071,GASTON - 7A,3065
071,GASTON - 8A,4319
071,GASTON - 9A,2965
087,HAYWOOD - P,2724
095,HYDE - SLAD,338
103,JONES - P01,771
103,JONES - P02,460
103,JONES - P03,712
103,JONES - P04,2000
103,JONES - P05,1294
103,JONES - P06,772
103,JONES - P07,1425
107,LENOIR - FC,4565
107,LENOIR - K1,837
107,LENOIR - K2,1166
107,LENOIR - K3,1498
107,LENOIR - K4,2577
107,LENOIR - K5,1255
107,LENOIR - K6,2489
107,LENOIR - K7,1988
107,LENOIR - K8,1030
107,LENOIR - K9,2270
107,LENOIR - MH,4245
107,LENOIR - SH,600
107,LENOIR - SW,1368
107,LENOIR - T1,1833
107,LENOIR - T2,841
117,MARTIN - BG,1453
117,MARTIN - CR,1201
125,MOORE - BEN,2204
125,MOORE - CAM,2965
125,MOORE - CAR,6408
125,MOORE - DHR,2214
125,MOORE - EAB,3583
125,MOORE - EWD,2131
125,MOORE - LTR,3620
125,MOORE - NSP,2785
125,MOORE - PBF,2754
125,MOORE - PDN,3525
125,MOORE - PHC,4449
125,MOORE - RBN,1984
125,MOORE - SLS,3971
125,MOORE - SSP,4568
125,MOORE - TLT,596
125,MOORE - VSS,2566
125,MOORE - WAB,4494
125,MOORE - WEM,2161
125,MOORE - WND,2942
127,NASH - P01A,3472
127,NASH - P02A,2523
127,NASH - P03A,1810
127,NASH - P04A,1997
127,NASH - P05A,3225
127,NASH - P06A,3629
127,NASH - P07A,914
127,NASH - P08A,7654
127,NASH - P09A,1680
127,NASH - P10A,1542
127,NASH - P11A,3425
127,NASH - P12A,947
127,NASH - P13A,1242
127,NASH - P14A,1457
127,NASH - P15A,5088
127,NASH - P16A,3221
127,NASH - P17A,4222
127,NASH - P18A,2773
127,NASH - P19A,5572
127,NASH - P20A,3753
127,NASH - P21A,3395
127,NASH - P22A,2168
127,NASH - P23A,3813
127,NASH - P24A,3301
135,ORANGE - CA,1195
135,ORANGE - CG,1673
135,ORANGE - CH,1478
135,ORANGE - CO,2826
135,ORANGE - CW,2533
135,ORANGE - CX,6874
135,ORANGE - DA,2567
135,ORANGE - DM,2288
135,ORANGE - EF,2339
135,ORANGE - EH,1796
135,ORANGE - ES,1996
135,ORANGE - GB,5257
135,ORANGE - GL,2493
135,ORANGE - HE,2283
135,ORANGE - HF,3269
135,ORANGE - HN,3119
135,ORANGE - KM,2413
135,ORANGE - NC,2072
135,ORANGE - NS,3225
135,ORANGE - OG,3346
135,ORANGE - PA,2921
135,ORANGE - RE,3257
135,ORANGE - RF,1506
135,ORANGE - SJ,2458
135,ORANGE - SM,2745
135,ORANGE - TO,1598
135,ORANGE - WC,1725
135,ORANGE - WD,2685
135,ORANGE - WH,1303
147,PITT - 0101,3958
147,PITT - 0301,5006
147,PITT - 0401,1614
147,PITT - 0501,1277
147,PITT - 0601,4390
147,PITT - 0701,2021
147,PITT - 0901,1134
147,PITT - 1001,3558
147,PITT - 1101,1555
147,PITT - 1201,5116
147,PITT - 1301,1063
147,PITT - 1501,1470
147,PITT - 1503,3614
147,PITT - 1506,3437
147,PITT - 1507,7467
147,PITT - 1509,5110
149,POLK - CG05,1690
149,POLK - CL07,2715
149,POLK - CL08,2909
149,POLK - GC09,2399
149,POLK - SA04,1664
149,POLK - WO06,1771
159,ROWAN - 05A,4615
159,ROWAN - 14A,5048
159,ROWAN - 19A,4934
169,STOKES - 01,1151
169,STOKES - 02,2061
169,STOKES - 03,1612
169,STOKES - 04,2242
169,STOKES - 07,724
169,STOKES - 08,1552
169,STOKES - 09,2636
169,STOKES - 10,3712
169,STOKES - 11,4006
169,STOKES - 12,2025
169,STOKES - 13,2233
169,STOKES - 17,2090
169,STOKES - 20,1478
173,SWAIN - BC1,2589
173,SWAIN - BC2,2512
177,TYRRELL - 1,310
177,TYRRELL - 2,1595
177,TYRRELL - 3,125
179,UNION - 001,1412
179,UNION - 002,1991
179,UNION - 003,1790
179,UNION - 004,2275
179,UNION - 006,1952
179,UNION - 007,3604
179,UNION - 008,4116
179,UNION - 009,1839
179,UNION - 010,1933
179,UNION - 011,2802
179,UNION - 012,2314
179,UNION - 013,2807
179,UNION - 014,1727
179,UNION - 015,5114
179,UNION - 016,6561
179,UNION - 018,3335
179,UNION - 021,2920
179,UNION - 022,2679
179,UNION - 023,2462
179,UNION - 024,3112
179,UNION - 025,2324
179,UNION - 026,2123
179,UNION - 027,2006
179,UNION - 031,4509
179,UNION - 032,3802
179,UNION - 033,2338
179,UNION - 034,4388
179,UNION - 035,2062
179,UNION - 036,2708
179,UNION - 039,2892
179,UNION - 040,3466
179,UNION - 041,3958
179,UNION - 042,2349
179,UNION - 043,976
007,ANSON - BURN,1134
007,ANSON - GULL,870
007,ANSON - LILE,2330
007,ANSON - PEAC,1384
007,ANSON - POLK,1196
017,BLADEN - P10,731
017,BLADEN - P15,2547
017,BLADEN - P25,1076
017,BLADEN - P30,1351
017,BLADEN - P35,647
017,BLADEN - P40,1579
017,BLADEN - P45,578
017,BLADEN - P55,392
017,BLADEN - P60,1648
017,BLADEN - P65,1100
017,BLADEN - P70,430
017,BLADEN - P75,853
017,BLADEN - P80,1333
023,BURKE - 0001,3940
023,BURKE - 0003,1208
023,BURKE - 0011,4041
023,BURKE - 0012,2285
023,BURKE - 0013,3985
023,BURKE - 0014,2052
023,BURKE - 0015,1534
023,BURKE - 0018,411
023,BURKE - 0019,587
023,BURKE - 0020,976
023,BURKE - 0021,1631
023,BURKE - 0022,2474
023,BURKE - 0024,2776
023,BURKE - 0031,2169
023,BURKE - 0034,1750
023,BURKE - 0035,1986
023,BURKE - 0036,2556
023,BURKE - 0038,2676
023,BURKE - 0039,2632
023,BURKE - 0040,1865
023,BURKE - 0048,1975
023,BURKE - 0051,4094
023,BURKE - 0052,1865
023,BURKE - 0062,872
023,BURKE - 0064,943
023,BURKE - 0066,2593
023,BURKE - 0070,3400
023,BURKE - 0071,2421
023,BURKE - 0072,4706
027,CALDWELL - 1,6163
027,CALDWELL - 2,2103
027,CALDWELL - 3,1373
027,CALDWELL - 4,3420
027,CALDWELL - 5,3156
027,CALDWELL - 6,7745
027,CALDWELL - 7,5655
027,CALDWELL - 8,4382
027,CALDWELL - 9,3707
033,CASWELL - PH,2023
035,CATAWBA - 01,3857
035,CATAWBA - 02,2179
035,CATAWBA - 03,2627
035,CATAWBA - 04,1044
035,CATAWBA - 05,4010
035,CATAWBA - 06,2842
035,CATAWBA - 07,2813
035,CATAWBA - 08,2108
035,CATAWBA - 09,2876
035,CATAWBA - 10,585
035,CATAWBA - 11,1630
035,CATAWBA - 12,2228
035,CATAWBA - 13,1951
035,CATAWBA - 14,1482
035,CATAWBA - 15,642
035,CATAWBA - 16,3428
035,CATAWBA - 17,2601
035,CATAWBA - 19,999
035,CATAWBA - 20,3414
035,CATAWBA - 21,1911
035,CATAWBA - 22,4595
035,CATAWBA - 23,3494
035,CATAWBA - 24,4704
035,CATAWBA - 25,2595
035,CATAWBA - 26,1718
035,CATAWBA - 27,4762
035,CATAWBA - 28,4122
035,CATAWBA - 29,5188
035,CATAWBA - 30,4470
035,CATAWBA - 31,5257
035,CATAWBA - 32,3695
035,CATAWBA - 33,5336
035,CATAWBA - 34,5306
035,CATAWBA - 35,4833
035,CATAWBA - 36,2425
035,CATAWBA - 37,2956
035,CATAWBA - 38,3239
035,CATAWBA - 39,2427
035,CATAWBA - 40,1856
035,CATAWBA - 41,4380
037,CHATHAM - 15,2048
037,CHATHAM - 21,1884
037,CHATHAM - 30,1911
037,CHATHAM - 42,2379
037,CHATHAM - 75,4916
037,CHATHAM - 78,5035
037,CHATHAM - 85,2621
071,GASTON - 10A,3957
071,GASTON - 11A,3738
071,GASTON - 12A,2378
071,GASTON - 13A,3326
071,GASTON - 14A,6370
071,GASTON - 15A,5042
071,GASTON - 16A,4330
071,GASTON - 17A,4244
071,GASTON - 18A,4543
071,GASTON - 19A,4094
071,GASTON - 20A,5717
071,GASTON - 21A,2881
071,GASTON - 22A,4269
071,GASTON - 23A,6124
071,GASTON - 24A,6106
071,GASTON - 25A,3461
071,GASTON - 26A,2853
071,GASTON - 27A,2445
071,GASTON - 28A,5253
071,GASTON - 29A,5446
071,GASTON - 30A,7047
071,GASTON - 31A,4607
071,GASTON - 32A,3888
071,GASTON - 33A,5263
071,GASTON - 34A,3798
071,GASTON - 35A,2758
071,GASTON - 36A,2624
071,GASTON - 37A,4010
071,GASTON - 38A,4072
071,GASTON - 39A,3982
071,GASTON - 40A,4727
083,HALIFAX - SN,2734
087,HAYWOOD - AC,2886
087,HAYWOOD - BC,64
087,HAYWOOD - CE,324
087,HAYWOOD - CR,1588
087,HAYWOOD - EF,1095
087,HAYWOOD - HA,1273
087,HAYWOOD - ID,1173
087,HAYWOOD - IH,4187
087,HAYWOOD - JC,3622
087,HAYWOOD - LJ,1934
087,HAYWOOD - PC,1280
087,HAYWOOD - SA,2441
087,HAYWOOD - WC,1004
087,HAYWOOD - WE,1496
087,HAYWOOD - WO,498
087,HAYWOOD - WW,1829
097,IREDELL - BE,5837
097,IREDELL - CD,5329
097,IREDELL - CS,3060
097,IREDELL - EM,1673
097,IREDELL - FT,8466
097,IREDELL - NH,1333
097,IREDELL - OL,1446
097,IREDELL - SB,2131
097,IREDELL - TB,3282
097,IREDELL - UG,1724
107,LENOIR - PH1,478
107,LENOIR - PH2,1453
117,MARTIN - GRF,1373
117,MARTIN - GSN,1011
117,MARTIN - HMT,852
117,MARTIN - JMV,2340
117,MARTIN - RBV,2498
117,MARTIN - WM1,3329
117,MARTIN - WM2,3087
125,MOORE - EKWD,1847
125,MOORE - PHA1,3178
125,MOORE - PHA2,2313
125,MOORE - PHB2,2911
135,ORANGE - CB1,3406
135,ORANGE - CF1,4080
135,ORANGE - CS1,1716
135,ORANGE - EA1,3668
135,ORANGE - ENO,2610
135,ORANGE - OW1,3459
135,ORANGE - TH1,1854
135,ORANGE - UNC,11666
135,ORANGE - WDS,373
135,ORANGE - WW1,2848
147,PITT - 0200A,3013
147,PITT - 0200B,2557
147,PITT - 0800A,2625
147,PITT - 0800B,1489
147,PITT - 1102A,3192
147,PITT - 1102B,4094
147,PITT - 1403B,5091
147,PITT - 1504A,3385
147,PITT - 1504B,5877
147,PITT - 1505A,3162
147,PITT - 1505B,2195
147,PITT - 1507B,3180
147,PITT - 1508A,2278
147,PITT - 1508B,3165
147,PITT - 1510A,2501
147,PITT - 1510B,2688
147,PITT - 1511A,3277
147,PITT - 1511B,5335
147,PITT - 1512A,6807
147,PITT - 1512B,2517
147,PITT - 1513A,3744
147,PITT - 1513B,3401
149,POLK - TR123,3372
155,ROBESON - 01,1456
155,ROBESON - 02,3763
155,ROBESON - 03,2491
155,ROBESON - 04,2470
155,ROBESON - 07,1040
155,ROBESON - 08,1847
155,ROBESON - 09,1451
155,ROBESON - 10,1141
155,ROBESON - 11,3384
155,ROBESON - 12,2220
155,ROBESON - 13,2017
155,ROBESON - 14,1298
155,ROBESON - 15,938
155,ROBESON - 16,904
155,ROBESON - 17,303
155,ROBESON - 19,3331
155,ROBESON - 20,977
155,ROBESON - 21,2399
155,ROBESON - 22,4382
155,ROBESON - 23,4347
155,ROBESON - 24,1799
155,ROBESON - 25,2217
155,ROBESON - 28,1772
155,ROBESON - 29,1611
155,ROBESON - 30,3361
155,ROBESON - 33,732
155,ROBESON - 34,1974
155,ROBESON - 35,2618
155,ROBESON - 36,1071
155,ROBESON - 37,639
155,ROBESON - 38,816
155,ROBESON - 39,1931
155,ROBESON - 40,675
155,ROBESON - 41,3704
169,STOKES - 140,2994
169,STOKES - 150,1581
173,SWAIN - WHCH,3795
177,TYRRELL - 14,51
177,TYRRELL - 15,594
177,TYRRELL - 16,18
179,UNION - 0005,3673
179,UNION - 0019,4600
179,UNION - 0030,5526
179,UNION - 0044,2453
179,UNION - 0045,2765
179,UNION - 017A,3868
179,UNION - 017B,4254
179,UNION - 028A,5276
179,UNION - 028B,4113
179,UNION - 028C,3304
179,UNION - 028D,4907
179,UNION - 029A,5579
179,UNION - 029B,1932
179,UNION - 029C,3286
179,UNION - 037A,5923
179,UNION - 037B,1032
179,UNION - 038A,4555
179,UNION - 038B,2360
181,VANCE - KITT,3755
181,VANCE - MIDD,2659
181,VANCE - SCRK,4776
183,WAKE - 01-01,2994
183,WAKE - 01-02,2343
183,WAKE - 01-03,1949
183,WAKE - 01-04,1140
183,WAKE - 01-05,1390
183,WAKE - 01-06,3604
183,WAKE - 01-07,3380
183,WAKE - 01-09,1566
183,WAKE - 01-10,1280
183,WAKE - 01-11,2509
183,WAKE - 01-12,1971
183,WAKE - 01-13,1662
183,WAKE - 01-14,3834
183,WAKE - 01-15,2639
183,WAKE - 01-16,3382
183,WAKE - 01-17,1122
183,WAKE - 01-18,3554
183,WAKE - 01-19,2309
183,WAKE - 01-20,4204
183,WAKE - 01-21,5778
183,WAKE - 01-22,5414
183,WAKE - 01-23,12889
183,WAKE - 01-25,592
183,WAKE - 01-26,4336
183,WAKE - 01-27,2749
183,WAKE - 01-28,5578
183,WAKE - 01-29,2518
183,WAKE - 01-30,1272
183,WAKE - 01-31,5809
183,WAKE - 01-32,3082
183,WAKE - 01-33,1803
183,WAKE - 01-34,2018
183,WAKE - 01-35,3042
183,WAKE - 01-36,2931
183,WAKE - 01-37,1691
183,WAKE - 01-38,2017
183,WAKE - 01-39,2966
183,WAKE - 01-40,5373
183,WAKE - 01-41,2706
183,WAKE - 01-42,3112
183,WAKE - 01-43,2815
183,WAKE - 01-44,4373
183,WAKE - 01-45,1862
183,WAKE - 01-46,3662
183,WAKE - 01-47,2143
183,WAKE - 01-48,2484
183,WAKE - 01-49,3998
183,WAKE - 01-50,2953
183,WAKE - 01-51,1318
183,WAKE - 02-01,3719
183,WAKE - 02-02,5475
183,WAKE - 02-03,2565
183,WAKE - 02-04,2506
183,WAKE - 02-05,972
183,WAKE - 02-06,2271
183,WAKE - 03-01,4525
183,WAKE - 03-02,2802
183,WAKE - 04-01,2354
183,WAKE - 04-02,3505
183,WAKE - 04-03,2792
183,WAKE - 04-04,1591
183,WAKE - 04-05,4135
183,WAKE - 04-06,3711
183,WAKE - 04-07,2689
183,WAKE - 04-08,2705
183,WAKE - 04-09,2812
183,WAKE - 04-10,2841
183,WAKE - 04-11,1711
183,WAKE - 04-12,2708
183,WAKE - 04-13,4505
183,WAKE - 04-14,1727
183,WAKE - 04-15,3026
183,WAKE - 04-16,2184
183,WAKE - 04-17,2009
183,WAKE - 04-18,3420
183,WAKE - 04-19,1550
183,WAKE - 04-20,3885
183,WAKE - 04-21,2876
183,WAKE - 05-01,4926
183,WAKE - 05-03,4500
183,WAKE - 05-05,9765
183,WAKE - 05-06,5848
183,WAKE - 05-08,5950
183,WAKE - 05-09,5258
183,WAKE - 05-10,5085
183,WAKE - 06-04,4800
183,WAKE - 06-05,3292
183,WAKE - 06-06,6399
183,WAKE - 06-07,3459
183,WAKE - 06-08,2160
183,WAKE - 06-10,5013
183,WAKE - 06-11,1106
183,WAKE - 06-12,8071
183,WAKE - 07-01,2325
183,WAKE - 07-02,1693
183,WAKE - 07-03,1525
183,WAKE - 07-04,5039
183,WAKE - 07-05,2224
183,WAKE - 07-06,3934
183,WAKE - 07-07,4575
183,WAKE - 07-09,3964
183,WAKE - 07-10,6906
183,WAKE - 07-11,1281
183,WAKE - 07-12,3392
183,WAKE - 07-13,2555
183,WAKE - 08-02,3891
183,WAKE - 08-03,6341
183,WAKE - 08-04,1684
183,WAKE - 08-05,2339
183,WAKE - 08-06,2678
183,WAKE - 08-07,2415
183,WAKE - 08-08,4225
183,WAKE - 08-09,2540
183,WAKE - 08-10,2950
183,WAKE - 08-11,3507
183,WAKE - 09-01,3434
183,WAKE - 09-02,4080
183,WAKE - 09-03,5211
183,WAKE - 10-01,1507
183,WAKE - 10-02,5831
183,WAKE - 10-03,3937
183,WAKE - 10-05,4528
183,WAKE - 10-06,6165
183,WAKE - 11-01,7263
183,WAKE - 11-02,5083
183,WAKE - 12-02,5745
183,WAKE - 12-04,6075
183,WAKE - 12-06,5167
183,WAKE - 12-07,4382
183,WAKE - 12-08,5545
183,WAKE - 12-09,5622
183,WAKE - 12-10,4755
183,WAKE - 12-11,3022
183,WAKE - 12-12,3509
183,WAKE - 12-13,4600
183,WAKE - 13-02,2271
183,WAKE - 13-05,3381
183,WAKE - 13-06,3348
183,WAKE - 13-07,3155
183,WAKE - 13-08,3038
183,WAKE - 13-09,6322
183,WAKE - 13-10,5280
183,WAKE - 13-11,3052
183,WAKE - 13-12,5506
183,WAKE - 13-13,3494
183,WAKE - 14-01,799
183,WAKE - 14-02,6972
183,WAKE - 15-01,5890
183,WAKE - 15-02,6197
183,WAKE - 15-03,5905
183,WAKE - 15-04,2712
183,WAKE - 16-01,4381
183,WAKE - 16-02,7159
183,WAKE - 16-03,1413
183,WAKE - 16-04,2904
183,WAKE - 16-05,3243
183,WAKE - 16-06,2036
183,WAKE - 16-07,3425
183,WAKE - 16-09,5385
183,WAKE - 16-10,6093
183,WAKE - 16-11,4980
183,WAKE - 17-01,3447
183,WAKE - 17-02,1900
183,WAKE - 17-03,6779
183,WAKE - 17-05,4946
183,WAKE - 17-06,2724
183,WAKE - 17-07,4588
183,WAKE - 17-09,5760
183,WAKE - 17-10,1898
183,WAKE - 17-11,5750
183,WAKE - 17-12,3110
183,WAKE - 17-13,6097
183,WAKE - 17-15,2659
183,WAKE - 17-16,2847
183,WAKE - 17-17,2754
183,WAKE - 18-01,7773
183,WAKE - 18-02,4767
183,WAKE - 18-03,2157
183,WAKE - 18-04,5295
183,WAKE - 18-05,4549
183,WAKE - 18-06,4741
183,WAKE - 18-07,3657
183,WAKE - 18-08,4660
183,WAKE - 19-03,3722
183,WAKE - 19-05,3650
183,WAKE - 19-07,6941
183,WAKE - 19-09,5466
183,WAKE - 19-11,4373
183,WAKE - 19-13,2555
183,WAKE - 19-14,4169
183,WAKE - 19-15,3922
183,WAKE - 19-16,3692
183,WAKE - 19-17,6699
183,WAKE - 19-18,3602
183,WAKE - 19-20,4045
183,WAKE - 19-21,5365
183,WAKE - 19-22,3253
183,WAKE - 19-23,4664
183,WAKE - 19-24,3757
183,WAKE - 19-25,3666
183,WAKE - 20-01,3838
183,WAKE - 20-03,4687
183,WAKE - 20-04,3999
183,WAKE - 20-05,3840
183,WAKE - 20-08,4437
183,WAKE - 20-09,3307
183,WAKE - 20-10,2843
183,WAKE - 20-11,6157
183,WAKE - 20-12,6141
183,WAKE - 20-15,6241
183,WAKE - 20-17,5012
183,WAKE - 20-18,4390
183,WAKE - 20-19,5178
183,WAKE - 20-20,2851
185,WARREN - 001,1188
185,WARREN - 002,940
185,WARREN - 003,1092
185,WARREN - 004,756
185,WARREN - 005,1453
185,WARREN - 006,1385
185,WARREN - 007,688
185,WARREN - 008,1404
185,WARREN - 009,461
185,WARREN - 010,2062
185,WARREN - 011,267
185,WARREN - 012,1318
185,WARREN - 013,790
185,WARREN - 014,1291
189,WATAUGA - 01,544
189,WATAUGA - 02,1177
189,WATAUGA - 03,2304
189,WATAUGA - 04,4167
189,WATAUGA - 05,1819
189,WATAUGA - 06,4224
189,WATAUGA - 07,3372
189,WATAUGA - 08,2505
189,WATAUGA - 09,582
189,WATAUGA - 10,1426
189,WATAUGA - 11,2441
189,WATAUGA - 12,4008
189,WATAUGA - 13,4851
189,WATAUGA - 14,3708
189,WATAUGA - 15,3880
189,WATAUGA - 16,185
189,WATAUGA - 17,690
189,WATAUGA - 18,1957
189,WATAUGA - 19,2716
189,WATAUGA - 20,762
191,WAYNE - 1920,3262
191,WAYNE - 2530,4436
193,WILKES - 101,923
193,WILKES - 102,1218
193,WILKES - 103,526
193,WILKES - 104,2746
193,WILKES - 105,1220
193,WILKES - 106,1084
193,WILKES - 107,3079
193,WILKES - 108,2016
193,WILKES - 109,980
193,WILKES - 111,2169
193,WILKES - 112,2317
193,WILKES - 114,961
193,WILKES - 117,1119
193,WILKES - 118,3084
193,WILKES - 119,4286
193,WILKES - 122,1015
193,WILKES - 125,813
193,WILKES - 126,710
193,WILKES - 127,2452
193,WILKES - 128,2972
193,WILKES - 129,2200
001,ALAMANCE - 01,4100
001,ALAMANCE - 02,3538
001,ALAMANCE - 04,4390
001,ALAMANCE - 05,2681
001,ALAMANCE - 07,3525
001,ALAMANCE - 11,3884
001,ALAMANCE - 13,3774
003,ALEXANDER - E,2514
003,ALEXANDER - M,2019
003,ALEXANDER - W,1935
007,ANSON - WADES,7628
013,BEAUFORT - HB,934
017,BLADEN - P201,1253
017,BLADEN - P202,2526
017,BLADEN - P501,2710
017,BLADEN - P502,1858
027,CALDWELL - 10,3615
027,CALDWELL - 11,4600
027,CALDWELL - 12,2735
027,CALDWELL - 13,6682
027,CALDWELL - 14,4741
027,CALDWELL - 15,3059
049,CRAVEN - CFB8,1831
049,CRAVEN - CLR4,2306
049,CRAVEN - DFB9,877
049,CRAVEN - N3N5,4382
049,CRAVEN - TE13,1351
049,CRAVEN - VE14,5632
057,DAVIDSON - 04,6294
057,DAVIDSON - 06,4235
057,DAVIDSON - 08,1621
057,DAVIDSON - 10,2789
057,DAVIDSON - 12,901
057,DAVIDSON - 14,2336
057,DAVIDSON - 16,3387
057,DAVIDSON - 18,2291
057,DAVIDSON - 20,3044
057,DAVIDSON - 22,1362
057,DAVIDSON - 24,1916
057,DAVIDSON - 26,1153
057,DAVIDSON - 28,2615
057,DAVIDSON - 30,2172
057,DAVIDSON - 32,1762
057,DAVIDSON - 34,2696
057,DAVIDSON - 36,1866
057,DAVIDSON - 38,1996
057,DAVIDSON - 40,2296
057,DAVIDSON - 42,3056
057,DAVIDSON - 44,4153
057,DAVIDSON - 46,3000
057,DAVIDSON - 48,3160
057,DAVIDSON - 50,3981
057,DAVIDSON - 52,4851
057,DAVIDSON - 54,2348
057,DAVIDSON - 56,1377
057,DAVIDSON - 58,4230
057,DAVIDSON - 60,5487
057,DAVIDSON - 62,2247
057,DAVIDSON - 64,2020
057,DAVIDSON - 66,2440
057,DAVIDSON - 68,3307
057,DAVIDSON - 70,2826
057,DAVIDSON - 72,3800
057,DAVIDSON - 74,3796
057,DAVIDSON - 76,3635
057,DAVIDSON - 78,3631
057,DAVIDSON - 82,3032
057,DAVIDSON - 84,6042
057,DAVIDSON - 88,2709
061,DUPLIN - ALBE,1313
061,DUPLIN - BEUL,3317
061,DUPLIN - CALY,996
061,DUPLIN - CFRK,749
061,DUPLIN - CHAR,1388
061,DUPLIN - CHIN,1004
061,DUPLIN - CYCK,1287
061,DUPLIN - FAIS,1459
061,DUPLIN - GLIS,756
061,DUPLIN - HALL,1555
061,DUPLIN - KENA,3378
061,DUPLIN - MAGN,1659
061,DUPLIN - ROSE,1626
061,DUPLIN - SMCA,924
061,DUPLIN - WARS,3193
061,DUPLIN - WLLC,6534
061,DUPLIN - WOLF,1969
063,DURHAM - 30-2,8171
063,DURHAM - 30-3,6288
063,DURHAM - 30-4,3662
063,DURHAM - 33-1,7505
063,DURHAM - 33-2,6503
063,DURHAM - 34-1,3408
063,DURHAM - 34-2,6754
063,DURHAM - 35-4,4752
063,DURHAM - 35-5,5020
063,DURHAM - 53-2,4523
067,FORSYTH - 012,3880
067,FORSYTH - 013,4811
067,FORSYTH - 014,2248
067,FORSYTH - 015,3306
067,FORSYTH - 016,2720
067,FORSYTH - 017,1915
067,FORSYTH - 021,4190
067,FORSYTH - 031,2263
067,FORSYTH - 032,3181
067,FORSYTH - 033,4167
067,FORSYTH - 034,2795
067,FORSYTH - 042,4921
067,FORSYTH - 043,3698
067,FORSYTH - 051,4200
067,FORSYTH - 052,1124
067,FORSYTH - 053,2536
067,FORSYTH - 054,2787
067,FORSYTH - 055,3833
067,FORSYTH - 061,2589
067,FORSYTH - 062,1872
067,FORSYTH - 063,3725
067,FORSYTH - 064,1399
067,FORSYTH - 065,4399
067,FORSYTH - 066,3262
067,FORSYTH - 067,2470
067,FORSYTH - 068,2644
067,FORSYTH - 071,3568
067,FORSYTH - 073,3074
067,FORSYTH - 074,3387
067,FORSYTH - 075,821
067,FORSYTH - 076,3012
067,FORSYTH - 077,2888
067,FORSYTH - 081,3771
067,FORSYTH - 083,3010
067,FORSYTH - 084,3143
067,FORSYTH - 085,2359
067,FORSYTH - 091,2474
067,FORSYTH - 092,1937
067,FORSYTH - 101,2394
067,FORSYTH - 111,1976
067,FORSYTH - 112,3646
067,FORSYTH - 121,3886
067,FORSYTH - 123,3555
067,FORSYTH - 124,3048
067,FORSYTH - 131,3962
067,FORSYTH - 132,4017
067,FORSYTH - 134,3068
067,FORSYTH - 135,3256
067,FORSYTH - 202,2380
067,FORSYTH - 203,2028
067,FORSYTH - 204,2137
067,FORSYTH - 205,735
067,FORSYTH - 206,1507
067,FORSYTH - 207,2711
067,FORSYTH - 208,2947
067,FORSYTH - 301,956
067,FORSYTH - 302,772
067,FORSYTH - 303,705
067,FORSYTH - 304,1351
067,FORSYTH - 305,1547
067,FORSYTH - 306,1834
067,FORSYTH - 401,2019
067,FORSYTH - 402,1329
067,FORSYTH - 403,2150
067,FORSYTH - 404,3771
067,FORSYTH - 405,3139
067,FORSYTH - 501,1689
067,FORSYTH - 502,2088
067,FORSYTH - 503,1790
067,FORSYTH - 504,1543
067,FORSYTH - 505,1944
067,FORSYTH - 506,1905
067,FORSYTH - 508,3860
067,FORSYTH - 509,2726
067,FORSYTH - 601,2690
067,FORSYTH - 602,4245
067,FORSYTH - 603,2136
067,FORSYTH - 604,1920
067,FORSYTH - 605,4153
067,FORSYTH - 606,2011
067,FORSYTH - 607,1916
067,FORSYTH - 701,1580
067,FORSYTH - 702,1584
067,FORSYTH - 703,1318
067,FORSYTH - 704,1936
067,FORSYTH - 705,2609
067,FORSYTH - 706,1702
067,FORSYTH - 707,1927
067,FORSYTH - 708,4504
067,FORSYTH - 709,3286
067,FORSYTH - 801,1594
067,FORSYTH - 802,1205
067,FORSYTH - 803,1573
067,FORSYTH - 804,1201
067,FORSYTH - 805,2091
067,FORSYTH - 806,2168
067,FORSYTH - 807,2061
067,FORSYTH - 808,4465
067,FORSYTH - 809,2642
067,FORSYTH - 901,1753
067,FORSYTH - 902,2641
067,FORSYTH - 903,3628
067,FORSYTH - 904,2975
067,FORSYTH - 905,4183
067,FORSYTH - 906,2622
067,FORSYTH - 907,2202
067,FORSYTH - 908,2671
067,FORSYTH - 909,1043
069,FRANKLIN - 01,2187
069,FRANKLIN - 02,1960
069,FRANKLIN - 03,4784
069,FRANKLIN - 05,3069
069,FRANKLIN - 06,2376
069,FRANKLIN - 07,1856
069,FRANKLIN - 08,4189
069,FRANKLIN - 09,2081
069,FRANKLIN - 10,1215
069,FRANKLIN - 11,2018
069,FRANKLIN - 12,1725
069,FRANKLIN - 13,2046
069,FRANKLIN - 14,4567
069,FRANKLIN - 15,3134
069,FRANKLIN - 16,2291
069,FRANKLIN - 17,4431
069,FRANKLIN - 18,3928
069,FRANKLIN - 19,7920
075,GRAHAM - EAST,2639
075,GRAHAM - STEC,993
075,GRAHAM - TAPO,554
075,GRAHAM - WEST,2262
079,GREENE - ARBA,980
079,GREENE - BEAR,911
079,GREENE - BULL,1270
079,GREENE - CAST,1016
079,GREENE - HOOK,961
079,GREENE - MAUR,3826
079,GREENE - SH#1,2335
079,GREENE - SHIN,1804
079,GREENE - SUGG,1188
079,GREENE - WALS,1198
081,GUILFORD - GR,3091
083,HALIFAX - HAL,2037
083,HALIFAX - HOL,2471
083,HALIFAX - HPR,663
083,HALIFAX - LIT,2598
087,HAYWOOD - BE1,1807
087,HAYWOOD - BE2,1609
087,HAYWOOD - BE3,2190
087,HAYWOOD - BE4,1781
087,HAYWOOD - BE7,1244
087,HAYWOOD - CLN,2717
087,HAYWOOD - CLS,2643
091,HERTFORD - A1,2259
091,HERTFORD - A2,2197
091,HERTFORD - A3,1273
091,HERTFORD - BR,386
091,HERTFORD - CM,397
091,HERTFORD - CO,553
091,HERTFORD - HV,866
091,HERTFORD - M1,3223
091,HERTFORD - M2,1011
091,HERTFORD - ML,405
091,HERTFORD - SJ,694
091,HERTFORD - UN,892
091,HERTFORD - WN,1405
097,IREDELL - CC1,7292
097,IREDELL - CC2,7915
097,IREDELL - ST1,4403
097,IREDELL - ST2,4105
097,IREDELL - ST3,3860
097,IREDELL - ST4,3400
097,IREDELL - ST5,4104
097,IREDELL - ST6,4918
099,JACKSON - BCK,1509
099,JACKSON - CAN,630
099,JACKSON - CAS,1823
099,JACKSON - CFK,780
099,JACKSON - CUL,9763
099,JACKSON - GCK,1182
099,JACKSON - GLV,1658
099,JACKSON - QUA,4407
099,JACKSON - RIV,981
099,JACKSON - SAV,1474
099,JACKSON - SCC,2314
099,JACKSON - SDC,6430
099,JACKSON - WEB,2368
121,MITCHELL - 02,255
121,MITCHELL - 03,613
121,MITCHELL - 04,6555
121,MITCHELL - 05,724
121,MITCHELL - 06,559
121,MITCHELL - 07,176
121,MITCHELL - 09,1530
125,MOORE - PHB1A,3217
125,MOORE - WKWD1,2190
133,ONSLOW - BC21,7738
133,ONSLOW - BM08,8111
133,ONSLOW - CL10,3481
133,ONSLOW - CR07,7092
133,ONSLOW - EN03,16065
133,ONSLOW - FS16,6394
133,ONSLOW - GB12,6449
133,ONSLOW - HM05,5144
133,ONSLOW - HN14,3402
133,ONSLOW - HR17,3885
133,ONSLOW - HU20,4713
133,ONSLOW - JA01,31659
133,ONSLOW - ML23,1293
133,ONSLOW - MT24,2126
133,ONSLOW - NM13,1030
133,ONSLOW - NR02,1674
133,ONSLOW - RL09,6444
133,ONSLOW - SF18,6845
133,ONSLOW - SW19,6030
133,ONSLOW - TL06,3753
133,ONSLOW - VR15,2958
133,ONSLOW - WN04,4800
137,PAMLICO - 1CR,1630
137,PAMLICO - 1RB,1530
137,PAMLICO - 2OT,2208
137,PAMLICO - 3CH,2214
137,PAMLICO - 4BR,657
137,PAMLICO - 5AP,2192
141,PENDER - BW01,6954
141,PENDER - CL05,1817
141,PENDER - LT18,5104
141,PENDER - MC07,3103
141,PENDER - MT19,3553
141,PENDER - PL18,2902
141,PENDER - RP21,8124
141,PENDER - SC13,4584
141,PENDER - SH12,2470
141,PENDER - SP15,4314
141,PENDER - UH08,788
141,PENDER - UT14,5286
145,PERSON - ALVI,2163
145,PERSON - CUCL,1635
145,PERSON - FLHE,5422
145,PERSON - HLWY,1433
145,PERSON - MTTZ,2459
145,PERSON - OLHI,2150
145,PERSON - PNTH,5141
145,PERSON - RCOB,5251
145,PERSON - ROXL,2154
145,PERSON - SWST,1864
145,PERSON - WDSD,1023
147,PITT - 1403A1,3295
147,PITT - 1403A2,3444
151,RANDOLPH - AE,5430
151,RANDOLPH - AN,5304
151,RANDOLPH - AR,9329
151,RANDOLPH - AS,4719
151,RANDOLPH - AW,6529
151,RANDOLPH - BC,3537
151,RANDOLPH - DR,5025
151,RANDOLPH - GR,4300
151,RANDOLPH - LB,2923
151,RANDOLPH - LC,3212
151,RANDOLPH - NM,4494
151,RANDOLPH - PR,5792
151,RANDOLPH - RM,3373
151,RANDOLPH - RN,6130
151,RANDOLPH - SE,2636
151,RANDOLPH - SO,3795
151,RANDOLPH - ST,2024
151,RANDOLPH - SW,2502
151,RANDOLPH - TB,3418
151,RANDOLPH - TR,8360
151,RANDOLPH - TT,4433
151,RANDOLPH - UG,9115
153,RICHMOND - 01,5180
153,RICHMOND - 02,5479
153,RICHMOND - 08,3992
153,RICHMOND - 09,5822
153,RICHMOND - 10,1910
153,RICHMOND - 14,142
153,RICHMOND - 21,2200
153,RICHMOND - 22,2692
153,RICHMOND - 23,1988
153,RICHMOND - 24,1523
153,RICHMOND - 25,816
155,ROBESON - 05A,3868
155,ROBESON - 11A,1706
155,ROBESON - 18A,1769
155,ROBESON - 26A,3401
155,ROBESON - 32A,4705
165,SCOTLAND - 03,3661
165,SCOTLAND - 04,3976
165,SCOTLAND - 07,3355
167,STANLY - 0003,2259
167,STANLY - 0011,1748
167,STANLY - 0014,1289
167,STANLY - 0015,2183
167,STANLY - 0016,1456
167,STANLY - 0017,1911
167,STANLY - 0018,1919
167,STANLY - 0019,1793
167,STANLY - 0021,1524
167,STANLY - 0022,2407
167,STANLY - 0023,3500
167,STANLY - 0024,4882
167,STANLY - 0025,3377
167,STANLY - 0107,2609
167,STANLY - 0108,2278
167,STANLY - 0110,1739
167,STANLY - 0113,1214
167,STANLY - 0120,2487
167,STANLY - 0126,2326
167,STANLY - 0127,3407
167,STANLY - 0212,2820
169,STOKES - 0506,1592
169,STOKES - 1618,1877
169,STOKES - 1819,1078
179,UNION - 0020A,3946
179,UNION - 0020B,3503
183,WAKE - 20-06A,5877
183,WAKE - 20-06B,4467
193,WILKES - 113A,2451
193,WILKES - 115A,3950
193,WILKES - 120A,4210
193,WILKES - 123A,2403
195,WILSON - PRBL,2915
195,WILSON - PRCR,2518
195,WILSON - PRGA,2654
195,WILSON - PROL,4415
195,WILSON - PRSA,946
195,WILSON - PRSP,2531
195,WILSON - PRST,1573
195,WILSON - PRTA,7055
195,WILSON - PRTO,3807
195,WILSON - PRWA,1273
195,WILSON - PRWB,1314
195,WILSON - PRWC,1607
195,WILSON - PRWD,1732
195,WILSON - PRWE,1783
195,WILSON - PRWH,1178
195,WILSON - PRWI,2337
195,WILSON - PRWJ,4227
195,WILSON - PRWK,1440
195,WILSON - PRWL,2498
195,WILSON - PRWM,4449
195,WILSON - PRWN,2432
195,WILSON - PRWP,1395
195,WILSON - PRWQ,620
195,WILSON - PRWR,1721
197,YADKIN - BNVL,3051
197,YADKIN - DCRK,2069
197,YADKIN - EBND,2590
197,YADKIN - FBSH,3726
197,YADKIN - NBCK,1566
197,YADKIN - NFAL,1131
197,YADKIN - NKNB,3747
197,YADKIN - NLIB,4597
197,YADKIN - SBCK,1034
197,YADKIN - SFAL,1779
197,YADKIN - SKNB,1147
197,YADKIN - SLIB,2006
001,ALAMANCE - 035,6707
001,ALAMANCE - 03C,2060
001,ALAMANCE - 03N,4810
001,ALAMANCE - 03W,2986
001,ALAMANCE - 063,2389
001,ALAMANCE - 064,5990
001,ALAMANCE - 06E,3177
001,ALAMANCE - 06N,2955
001,ALAMANCE - 06S,4039
001,ALAMANCE - 06W,1117
001,ALAMANCE - 08N,2807
001,ALAMANCE - 08S,1951
001,ALAMANCE - 09N,2944
001,ALAMANCE - 09S,4612
001,ALAMANCE - 103,3849
001,ALAMANCE - 104,2299
001,ALAMANCE - 10N,3856
001,ALAMANCE - 124,1674
001,ALAMANCE - 125,2406
001,ALAMANCE - 126,1594
001,ALAMANCE - 127,4995
001,ALAMANCE - 128,2763
001,ALAMANCE - 129,2110
001,ALAMANCE - 12E,2489
001,ALAMANCE - 12N,3570
001,ALAMANCE - 12S,1786
001,ALAMANCE - 12W,2423
003,ALEXANDER - B1,2720
003,ALEXANDER - B2,4290
005,ALLEGHANY - 01,1241
005,ALLEGHANY - 04,1501
021,BUNCOMBE - 681,324
023,BURKE - 0047-A,2057
023,BURKE - 0047-B,1362
033,CASWELL - ANDE,1119
033,CASWELL - LEAS,462
033,CASWELL - LOCU,2211
033,CASWELL - MILT,1917
033,CASWELL - PELH,3334
033,CASWELL - STON,2546
033,CASWELL - YANC,3593
045,CLEVELAND - BR,5742
047,COLUMBUS - P06,1045
047,COLUMBUS - P07,2952
047,COLUMBUS - P14,3862
047,COLUMBUS - P15,2324
047,COLUMBUS - P19,2504
047,COLUMBUS - P82,1540
047,COLUMBUS - P89,1444
053,CURRITUCK - CB,217
053,CURRITUCK - CH,4273
053,CURRITUCK - CO,1170
053,CURRITUCK - EM,3303
053,CURRITUCK - GW,280
053,CURRITUCK - IR,1233
053,CURRITUCK - KI,1423
053,CURRITUCK - PB,4081
053,CURRITUCK - PP,2034
053,CURRITUCK - WH,870
053,CURRITUCK - WM,4489
057,DAVIDSON - 80A,5697
057,DAVIDSON - 86A,3425
063,DURHAM - 55-11,1870
063,DURHAM - 55-49,2563
081,GUILFORD - CG1,3217
081,GUILFORD - CG2,2210
081,GUILFORD - FR1,5708
081,GUILFORD - FR2,2627
081,GUILFORD - FR3,1632
081,GUILFORD - FR4,1343
081,GUILFORD - G01,1199
081,GUILFORD - G02,1719
081,GUILFORD - G03,2266
081,GUILFORD - G04,2379
081,GUILFORD - G05,1340
081,GUILFORD - G06,1248
081,GUILFORD - G07,2722
081,GUILFORD - G08,3267
081,GUILFORD - G09,3762
081,GUILFORD - G10,3298
081,GUILFORD - G11,1946
081,GUILFORD - G12,953
081,GUILFORD - G13,1271
081,GUILFORD - G14,922
081,GUILFORD - G15,1391
081,GUILFORD - G16,1081
081,GUILFORD - G17,1551
081,GUILFORD - G18,1160
081,GUILFORD - G19,1439
081,GUILFORD - G20,2592
081,GUILFORD - G21,3377
081,GUILFORD - G22,1466
081,GUILFORD - G23,1624
081,GUILFORD - G24,1843
081,GUILFORD - G25,1529
081,GUILFORD - G26,3584
081,GUILFORD - G27,2789
081,GUILFORD - G28,928
081,GUILFORD - G29,1508
081,GUILFORD - G30,1703
081,GUILFORD - G31,1420
081,GUILFORD - G32,2545
081,GUILFORD - G33,1373
081,GUILFORD - G34,1637
081,GUILFORD - G35,1051
081,GUILFORD - G36,1903
081,GUILFORD - G37,3256
081,GUILFORD - G38,2127
081,GUILFORD - G39,2130
081,GUILFORD - G43,3597
081,GUILFORD - G44,4117
081,GUILFORD - G45,5312
081,GUILFORD - G46,3115
081,GUILFORD - G47,3429
081,GUILFORD - G48,4684
081,GUILFORD - G49,1602
081,GUILFORD - G50,4335
081,GUILFORD - G51,1962
081,GUILFORD - G52,2103
081,GUILFORD - G53,3111
081,GUILFORD - G54,2927
081,GUILFORD - G55,2361
081,GUILFORD - G56,1627
081,GUILFORD - G57,2168
081,GUILFORD - G58,1913
081,GUILFORD - G59,1835
081,GUILFORD - G60,2932
081,GUILFORD - G61,2557
081,GUILFORD - G62,2041
081,GUILFORD - G63,2008
081,GUILFORD - G64,2953
081,GUILFORD - G65,3465
081,GUILFORD - G66,2118
081,GUILFORD - G67,1543
081,GUILFORD - G68,2860
081,GUILFORD - G69,3305
081,GUILFORD - G70,2882
081,GUILFORD - G71,2472
081,GUILFORD - G72,2333
081,GUILFORD - G73,1691
081,GUILFORD - G74,2053
081,GUILFORD - G75,1966
081,GUILFORD - GIB,3793
081,GUILFORD - H01,3065
081,GUILFORD - H02,2106
081,GUILFORD - H03,2174
081,GUILFORD - H04,3656
081,GUILFORD - H05,2713
081,GUILFORD - H06,2941
081,GUILFORD - H07,2023
081,GUILFORD - H08,1560
081,GUILFORD - H09,1722
081,GUILFORD - H10,2658
081,GUILFORD - H11,6235
081,GUILFORD - H12,1961
081,GUILFORD - H13,1552
081,GUILFORD - H14,2057
081,GUILFORD - H15,1310
081,GUILFORD - H16,1444
081,GUILFORD - H17,1460
081,GUILFORD - H18,2307
081,GUILFORD - H21,1404
081,GUILFORD - H22,1577
081,GUILFORD - H23,1667
081,GUILFORD - H24,2417
081,GUILFORD - H25,3202
081,GUILFORD - H26,1807
081,GUILFORD - H28,2703
081,GUILFORD - OR1,3760
081,GUILFORD - OR2,2516
081,GUILFORD - PG1,1897
081,GUILFORD - PG2,2935
081,GUILFORD - RC1,3580
081,GUILFORD - RC2,6079
081,GUILFORD - SF1,3219
081,GUILFORD - SF2,1564
081,GUILFORD - SF3,2794
081,GUILFORD - SF4,3539
083,HALIFAX - CONC,316
083,HALIFAX - ENF1,2070
083,HALIFAX - RRCE,3650
085,HARNETT - PR08,9830
085,HARNETT - PR23,6673
085,HARNETT - PR24,8259
085,HARNETT - PR25,3596
085,HARNETT - PR26,4733
085,HARNETT - PR28,7304
085,HARNETT - PR29,5417
085,HARNETT - PR32,7409
085,HARNETT - PR33,8956
085,HARNETT - PR34,8054
085,HARNETT - PR35,3805
085,HARNETT - PR36,7820
085,HARNETT - PR37,9634
085,HARNETT - PR38,3326
085,HARNETT - PR39,4257
087,HAYWOOD - FC-1,713
087,HAYWOOD - FC-2,147
087,HAYWOOD - WS-1,2520
087,HAYWOOD - WS-2,1978
089,HENDERSON - AR,1929
089,HENDERSON - AT,3765
089,HENDERSON - BC,880
089,HENDERSON - BK,1130
089,HENDERSON - CB,1440
089,HENDERSON - CC,4987
089,HENDERSON - ED,3328
089,HENDERSON - EF,3551
089,HENDERSON - ES,2475
089,HENDERSON - EV,2581
089,HENDERSON - FL,4780
089,HENDERSON - FR,3012
089,HENDERSON - GM,1533
089,HENDERSON - GR,2864
089,HENDERSON - HC,3896
089,HENDERSON - HS,2259
089,HENDERSON - LJ,2245
089,HENDERSON - LP,1973
089,HENDERSON - MG,1450
089,HENDERSON - NB,4680
089,HENDERSON - NE,2279
089,HENDERSON - NM,3013
089,HENDERSON - NW,2207
089,HENDERSON - PR,3096
089,HENDERSON - PV,1829
089,HENDERSON - RG,2300
089,HENDERSON - RR,1033
089,HENDERSON - SB,3206
089,HENDERSON - SE,1699
089,HENDERSON - SM,3756
089,HENDERSON - SW,2485
097,IREDELL - BA-1,7164
097,IREDELL - CH-A,2749
097,IREDELL - CH-B,4055
097,IREDELL - DV3A,5362
097,IREDELL - SH-A,3786
097,IREDELL - SH-B,3805
109,LINCOLN - AS25,2771
109,LINCOLN - BC13,2836
109,LINCOLN - BS26,2427
109,LINCOLN - CF19,2008
109,LINCOLN - DN29,3222
109,LINCOLN - DV08,3150
109,LINCOLN - DW28,3860
109,LINCOLN - HC33,4222
109,LINCOLN - IS20,1308
109,LINCOLN - IS23,2421
109,LINCOLN - LB34,3323
109,LINCOLN - LI14,1647
109,LINCOLN - LN11,2161
109,LINCOLN - LS12,1859
109,LINCOLN - LW18,1808
109,LINCOLN - LW31,5398
109,LINCOLN - NB35,4601
109,LINCOLN - OB21,2481
109,LINCOLN - PC22,2995
109,LINCOLN - SL24,1957
109,LINCOLN - ST36,3758
109,LINCOLN - TA37,4700
109,LINCOLN - WP32,6157
125,MOORE - EUR-WP,4515
133,ONSLOW - NE22A,5460
133,ONSLOW - NE22B,6960
163,SAMPSON - AUTR,1368
163,SAMPSON - CLCE,958
163,SAMPSON - CLEA,3376
163,SAMPSON - CLEM,1572
163,SAMPSON - CLNE,2355
163,SAMPSON - CLSW,1893
163,SAMPSON - CLWE,2338
163,SAMPSON - GARL,1665
163,SAMPSON - GIDD,1357
163,SAMPSON - HARR,1857
163,SAMPSON - HERR,689
163,SAMPSON - INGO,1245
163,SAMPSON - KEEN,1221
163,SAMPSON - KFRK,1926
163,SAMPSON - LAKE,2878
163,SAMPSON - MING,2963
163,SAMPSON - NGRV,1597
163,SAMPSON - PLVW,2391
163,SAMPSON - ROSE,1922
163,SAMPSON - ROWA,1327
163,SAMPSON - SBRG,790
163,SAMPSON - TURK,1215
163,SAMPSON - WBRK,1659
173,SWAIN - ALARKA,728
173,SWAIN - ALMOND,1233
001,ALAMANCE - 03N2,711
001,ALAMANCE - 03SE,4216
001,ALAMANCE - 03SM,3481
001,ALAMANCE - 10S1,7226
001,ALAMANCE - 1210,2457
005,ALLEGHANY - 03A,4352
005,ALLEGHANY - 06A,1928
013,BEAUFORT - BLCK,818
013,BEAUFORT - NCRK,1308
013,BEAUFORT - OLDF,1481
013,BEAUFORT - RVRD,2033
013,BEAUFORT - TCRK,2079
013,BEAUFORT - WDPD,1443
021,BUNCOMBE - 01.1,2177
021,BUNCOMBE - 02.1,4013
021,BUNCOMBE - 03.1,2455
021,BUNCOMBE - 04.1,1596
021,BUNCOMBE - 05.1,3656
021,BUNCOMBE - 06.1,1633
021,BUNCOMBE - 07.1,1812
021,BUNCOMBE - 08.2,2886
021,BUNCOMBE - 08.3,2692
021,BUNCOMBE - 09.1,4212
021,BUNCOMBE - 10.1,1540
021,BUNCOMBE - 11.1,1430
021,BUNCOMBE - 12.1,2362
021,BUNCOMBE - 13.1,2308
021,BUNCOMBE - 14.2,2786
021,BUNCOMBE - 14.3,959
021,BUNCOMBE - 15.1,2205
021,BUNCOMBE - 16.2,2473
021,BUNCOMBE - 17.1,1622
021,BUNCOMBE - 18.2,5094
021,BUNCOMBE - 19.1,2400
021,BUNCOMBE - 20.1,1107
021,BUNCOMBE - 21.1,2924
021,BUNCOMBE - 22.2,2159
021,BUNCOMBE - 23.2,555
021,BUNCOMBE - 23.3,855
021,BUNCOMBE - 24.1,3271
021,BUNCOMBE - 25.1,3688
021,BUNCOMBE - 26.1,2082
021,BUNCOMBE - 27.2,836
021,BUNCOMBE - 28.1,3084
021,BUNCOMBE - 29.2,4006
021,BUNCOMBE - 30.2,3379
021,BUNCOMBE - 30.3,3662
021,BUNCOMBE - 31.1,1138
021,BUNCOMBE - 32.1,2625
021,BUNCOMBE - 33.2,1461
021,BUNCOMBE - 33.3,1997
021,BUNCOMBE - 34.1,1002
021,BUNCOMBE - 35.1,1996
021,BUNCOMBE - 36.1,2088
021,BUNCOMBE - 37.1,1321
021,BUNCOMBE - 38.2,1466
021,BUNCOMBE - 38.3,2945
021,BUNCOMBE - 39.2,1303
021,BUNCOMBE - 39.3,2379
021,BUNCOMBE - 40.2,4273
021,BUNCOMBE - 41.1,3869
021,BUNCOMBE - 42.1,2978
021,BUNCOMBE - 43.2,1632
021,BUNCOMBE - 44.1,6163
021,BUNCOMBE - 45.1,4686
021,BUNCOMBE - 46.1,1510
021,BUNCOMBE - 47.1,4368
021,BUNCOMBE - 48.1,5301
021,BUNCOMBE - 49.1,5573
021,BUNCOMBE - 50.1,1837
021,BUNCOMBE - 51.2,2651
021,BUNCOMBE - 52.1,4548
021,BUNCOMBE - 53.1,3690
021,BUNCOMBE - 54.2,4361
021,BUNCOMBE - 55.1,3050
021,BUNCOMBE - 56.2,2206
021,BUNCOMBE - 57.1,2850
021,BUNCOMBE - 58.1,2640
021,BUNCOMBE - 59.1,3799
021,BUNCOMBE - 60.2,1568
021,BUNCOMBE - 60.4,1518
021,BUNCOMBE - 61.1,2249
021,BUNCOMBE - 62.1,2706
021,BUNCOMBE - 63.1,503
021,BUNCOMBE - 64.1,2179
021,BUNCOMBE - 65.1,4188
021,BUNCOMBE - 66.1,2924
021,BUNCOMBE - 67.1,2614
021,BUNCOMBE - 68.1,4750
021,BUNCOMBE - 69.1,3805
021,BUNCOMBE - 70.1,3949
021,BUNCOMBE - 71.1,4654
031,CARTERET - ABCH,1467
031,CARTERET - ASCI,909
031,CARTERET - BCRK,2055
031,CARTERET - BFT1,1589
031,CARTERET - BFT2,3818
031,CARTERET - BOGE,3687
031,CARTERET - CAPE,3865
031,CARTERET - DASW,491
031,CARTERET - HAIS,904
031,CARTERET - IBPK,1603
031,CARTERET - ISLE,3457
031,CARTERET - MASM,559
031,CARTERET - MCRK,595
031,CARTERET - MERR,594
031,CARTERET - MHD1,2594
031,CARTERET - MHD2,3323
031,CARTERET - MHD3,3345
031,CARTERET - MHD4,2741
031,CARTERET - NPT1,3842
031,CARTERET - NPT2,3493
031,CARTERET - NRIV,826
031,CARTERET - PELE,1577
031,CARTERET - STEL,1642
031,CARTERET - WIHA,1796
031,CARTERET - WILD,3856
033,CASWELL - PROVI,631
039,CHEROKEE - ANNW,1777
039,CHEROKEE - ANSW,1720
039,CHEROKEE - BELL,1567
039,CHEROKEE - BRAS,966
039,CHEROKEE - CSON,929
039,CHEROKEE - GCRK,549
039,CHEROKEE - HANG,799
039,CHEROKEE - HIWA,2237
039,CHEROKEE - HOTH,1814
039,CHEROKEE - MARB,1612
039,CHEROKEE - MURN,2258
039,CHEROKEE - MURS,2673
039,CHEROKEE - PCHT,2806
039,CHEROKEE - RGER,1862
039,CHEROKEE - TOPT,489
039,CHEROKEE - UNKA,590
045,CLEVELAND - S C,7919
045,CLEVELAND - S E,2809
045,CLEVELAND - S N,4983
045,CLEVELAND - S S,7248
047,COLUMBUS - P02B,1247
047,COLUMBUS - P117,2884
047,COLUMBUS - P121,3033
047,COLUMBUS - P16B,1756
047,COLUMBUS - P223,2828
047,COLUMBUS - P22A,1950
047,COLUMBUS - P245,3336
047,COLUMBUS - P26B,4420
047,COLUMBUS - P534,1653
081,GUILFORD - CG3A,1707
081,GUILFORD - CG3B,2940
081,GUILFORD - FEN1,4223
081,GUILFORD - FEN2,1804
081,GUILFORD - FR5A,1984
081,GUILFORD - FR5B,1359
081,GUILFORD - G40B,1961
081,GUILFORD - G41A,1481
081,GUILFORD - G41B,1906
081,GUILFORD - G42A,1661
081,GUILFORD - G42B,1212
081,GUILFORD - H19A,1209
081,GUILFORD - H19B,735
081,GUILFORD - H20A,1613
081,GUILFORD - H20B,1211
081,GUILFORD - H29A,2489
081,GUILFORD - H29B,3856
081,GUILFORD - JAM1,2814
081,GUILFORD - JAM2,1741
081,GUILFORD - JAM3,1583
081,GUILFORD - JAM4,3711
081,GUILFORD - JAM5,1614
081,GUILFORD - JEF1,3399
081,GUILFORD - JEF2,3127
081,GUILFORD - JEF3,4617
081,GUILFORD - JEF4,2252
081,GUILFORD - MON1,3375
081,GUILFORD - MON3,5080
081,GUILFORD - NDRI,2884
081,GUILFORD - NMAD,3334
081,GUILFORD - SDRI,6025
081,GUILFORD - SMAD,2933
081,GUILFORD - STOK,4733
081,GUILFORD - SUM1,2398
081,GUILFORD - SUM2,2052
081,GUILFORD - SUM3,1443
081,GUILFORD - SUM4,1881
083,HALIFAX - BUTWD,502
083,HALIFAX - ENF 2,1478
083,HALIFAX - FAUCT,1295
083,HALIFAX - RINGW,1088
083,HALIFAX - RR 10,2535
083,HALIFAX - RR 11,2760
083,HALIFAX - RR1-2,1074
083,HALIFAX - RR3-4,2277
083,HALIFAX - RR7-9,4134
083,HALIFAX - WEL 3,1760
087,HAYWOOD - BE5-6,1988
097,IREDELL - CC3-1,10328
097,IREDELL - CC4-1,4956
101,JOHNSTON - PR04,1247
101,JOHNSTON - PR07,3588
101,JOHNSTON - PR08,2111
101,JOHNSTON - PR09,6137
101,JOHNSTON - PR13,3525
101,JOHNSTON - PR14,2686
101,JOHNSTON - PR19,2483
101,JOHNSTON - PR20,5292
101,JOHNSTON - PR21,3571
101,JOHNSTON - PR22,3928
101,JOHNSTON - PR24,3168
101,JOHNSTON - PR25,4417
101,JOHNSTON - PR26,3106
101,JOHNSTON - PR28,5681
101,JOHNSTON - PR30,5907
101,JOHNSTON - PR32,3768
101,JOHNSTON - PR33,4699
101,JOHNSTON - PR34,8525
101,JOHNSTON - PR35,6572
101,JOHNSTON - PR36,3337
101,JOHNSTON - PR37,5195
101,JOHNSTON - PR38,2475
115,MADISON - BEECH,3295
115,MADISON - NORTH,1973
115,MADISON - SANDY,431
115,MADISON - SOUTH,918
111,MCDOWELL - NEBO,2721
121,MITCHELL - 01-A,1773
123,MONTGOMERY - T1,2288
123,MONTGOMERY - T2,1816
139,PASQUOTANK - MH,4608
157,ROCKINGHAM - DR,2664
157,ROCKINGHAM - EC,5174
157,ROCKINGHAM - ED,7804
157,ROCKINGHAM - MO,3398
157,ROCKINGHAM - NB,4183
157,ROCKINGHAM - RC,5439
157,ROCKINGHAM - ST,5748
157,ROCKINGHAM - WI,4680
161,RUTHERFORD - 11,6379
161,RUTHERFORD - 13,4157
161,RUTHERFORD - 14,2580
161,RUTHERFORD - 18,2423
161,RUTHERFORD - 19,2827
161,RUTHERFORD - 27,3665
161,RUTHERFORD - 28,1704
161,RUTHERFORD - 29,2427
161,RUTHERFORD - 30,4469
161,RUTHERFORD - 34,1529
187,WASHINGTON - LM,1731
187,WASHINGTON - P1,1179
187,WASHINGTON - P2,660
187,WASHINGTON - P3,3213
187,WASHINGTON - SC,1178
187,WASHINGTON - SK,708
199,YANCEY - 01 BUR,3587
199,YANCEY - 02 CAN,1599
199,YANCEY - 03 EGY,717
199,YANCEY - 04 RAM,420
199,YANCEY - 05 GRE,434
199,YANCEY - 06 JAC,1521
199,YANCEY - 07 BRU,474
199,YANCEY - 08 CRA,2715
199,YANCEY - 09 SOU,1989
199,YANCEY - 10 PEN,492
199,YANCEY - 11 PRI,1152
003,ALEXANDER - G1G2,1616
003,ALEXANDER - LRSL,2031
003,ALEXANDER - S1S2,3321
003,ALEXANDER - T2T3,2361
013,BEAUFORT - AUROR,1147
013,BEAUFORT - BEADM,2165
013,BEAUFORT - BELHV,1574
013,BEAUFORT - CHOCO,4837
013,BEAUFORT - EDWAR,983
013,BEAUFORT - GILEA,1904
013,BEAUFORT - PANTE,1102
013,BEAUFORT - PINET,913
013,BEAUFORT - PSJW3,872
013,BEAUFORT - SURBA,1681
013,BEAUFORT - WASH1,1867
013,BEAUFORT - WASH2,1885
013,BEAUFORT - WASH4,2819
013,BEAUFORT - WASHP,1047
019,BRUNSWICK - CB01,2663
019,BRUNSWICK - CB02,7483
019,BRUNSWICK - CB03,2408
019,BRUNSWICK - CB04,4025
019,BRUNSWICK - CB05,3871
019,BRUNSWICK - CB06,5263
019,BRUNSWICK - NB01,2354
019,BRUNSWICK - NB02,7883
019,BRUNSWICK - NB03,5326
019,BRUNSWICK - NB04,7172
019,BRUNSWICK - NB05,4637
019,BRUNSWICK - NB06,4665
019,BRUNSWICK - NB07,10239
019,BRUNSWICK - SB01,2397
019,BRUNSWICK - SB02,5374
019,BRUNSWICK - SB03,7563
019,BRUNSWICK - SB04,3172
019,BRUNSWICK - SB05,4094
019,BRUNSWICK - SB06,3623
019,BRUNSWICK - SB07,3183
019,BRUNSWICK - SB08,2462
019,BRUNSWICK - WB01,2008
019,BRUNSWICK - WB02,5608
019,BRUNSWICK - WB03,1331
019,BRUNSWICK - WB04,7785
019,BRUNSWICK - WB05,3987
019,BRUNSWICK - WB06,8302
025,CABARRUS - 01-02,3252
025,CABARRUS - 01-04,5914
025,CABARRUS - 01-07,2602
025,CABARRUS - 01-08,5070
025,CABARRUS - 01-10,2998
025,CABARRUS - 01-11,4055
025,CABARRUS - 02-01,3667
025,CABARRUS - 02-02,4777
025,CABARRUS - 02-03,7260
025,CABARRUS - 02-05,4564
025,CABARRUS - 02-06,3712
025,CABARRUS - 02-07,3768
025,CABARRUS - 02-08,7915
025,CABARRUS - 02-09,8216
025,CABARRUS - 03-00,6445
025,CABARRUS - 04-01,3198
025,CABARRUS - 04-03,4360
025,CABARRUS - 04-08,2451
025,CABARRUS - 04-09,4182
025,CABARRUS - 04-11,3836
025,CABARRUS - 04-12,6287
025,CABARRUS - 04-13,5103
025,CABARRUS - 05-00,3307
025,CABARRUS - 06-00,2213
025,CABARRUS - 07-00,1309
025,CABARRUS - 08-00,4493
025,CABARRUS - 09-00,3045
025,CABARRUS - 10-00,6928
025,CABARRUS - 11-01,7893
025,CABARRUS - 11-02,3615
025,CABARRUS - 12-03,2744
025,CABARRUS - 12-04,3360
025,CABARRUS - 12-05,2144
025,CABARRUS - 12-08,2809
025,CABARRUS - 12-09,3130
025,CABARRUS - 12-11,1982
025,CABARRUS - 12-12,2465
025,CABARRUS - 12-13,5026
025,CABARRUS - 12-14,3264
031,CARTERET - OTBEG,2052
037,CHATHAM - CRD118,1854
037,CHATHAM - ECL109,5437
037,CHATHAM - EPP112,2848
037,CHATHAM - ESC114,5301
037,CHATHAM - GLD118,3067
037,CHATHAM - MON113,2395
037,CHATHAM - NWM117,5919
037,CHATHAM - WCL108,2933
037,CHATHAM - WPP114,5236
045,CLEVELAND - KM N,6382
045,CLEVELAND - KM S,4421
045,CLEVELAND - LATT,3328
045,CLEVELAND - WACO,3892
051,CUMBERLAND - G1A,2490
051,CUMBERLAND - G1B,4329
051,CUMBERLAND - G2A,4625
051,CUMBERLAND - G3B,1574
051,CUMBERLAND - G3C,1457
051,CUMBERLAND - G4A,1927
051,CUMBERLAND - G4B,1904
051,CUMBERLAND - G4C,2303
051,CUMBERLAND - G5C,2806
051,CUMBERLAND - G6A,4974
051,CUMBERLAND - G6B,1329
051,CUMBERLAND - G6C,2378
051,CUMBERLAND - G7A,1529
051,CUMBERLAND - G7B,1358
051,CUMBERLAND - G8A,3966
051,CUMBERLAND - G8B,3174
051,CUMBERLAND - G8C,2874
051,CUMBERLAND - G8D,3498
065,EDGECOMBE - 0101,1978
065,EDGECOMBE - 0102,3800
065,EDGECOMBE - 0103,2507
065,EDGECOMBE - 0104,2104
065,EDGECOMBE - 0201,1087
065,EDGECOMBE - 0301,470
065,EDGECOMBE - 0401,689
065,EDGECOMBE - 0501,596
065,EDGECOMBE - 0601,1167
065,EDGECOMBE - 0701,1558
065,EDGECOMBE - 0801,1474
065,EDGECOMBE - 0901,1449
065,EDGECOMBE - 1001,2475
065,EDGECOMBE - 1101,1115
065,EDGECOMBE - 1201,3896
065,EDGECOMBE - 1202,2087
065,EDGECOMBE - 1203,3220
065,EDGECOMBE - 1204,1892
065,EDGECOMBE - 1205,754
065,EDGECOMBE - 1301,986
065,EDGECOMBE - 1401,1262
077,GRANVILLE - ANTI,1121
077,GRANVILLE - BERE,1899
077,GRANVILLE - BTNR,6705
077,GRANVILLE - CORI,2391
077,GRANVILLE - CRDL,2255
077,GRANVILLE - CRDM,5394
077,GRANVILLE - EAOX,2313
077,GRANVILLE - MTEN,4844
077,GRANVILLE - OKHL,1341
077,GRANVILLE - SALM,1604
077,GRANVILLE - SASS,1650
077,GRANVILLE - SOOX,2019
077,GRANVILLE - TYHO,4420
077,GRANVILLE - WILT,6312
077,GRANVILLE - WOEL,1564
081,GUILFORD - G40A1,1277
081,GUILFORD - G40A2,1320
081,GUILFORD - H27-A,1983
081,GUILFORD - H27-B,2286
081,GUILFORD - MON2A,4343
081,GUILFORD - MON2B,2224
081,GUILFORD - NCGR1,2885
081,GUILFORD - NCGR2,2231
081,GUILFORD - NWASH,1093
081,GUILFORD - SCLAY,2049
081,GUILFORD - SWASH,931
083,HALIFAX - WEL1-2,1407
089,HENDERSON - HV-1,2933
089,HENDERSON - HV-2,3677
089,HENDERSON - HV-3,2770
097,IREDELL - DV1A1A,4955
097,IREDELL - DV1B-1,10320
097,IREDELL - DV2A-1,6718
097,IREDELL - DV2B-1,7340
101,JOHNSTON - PR10A,4266
101,JOHNSTON - PR10B,2925
101,JOHNSTON - PR11A,3285
101,JOHNSTON - PR11B,5588
101,JOHNSTON - PR12A,6204
101,JOHNSTON - PR12B,5387
101,JOHNSTON - PR23A,4410
101,JOHNSTON - PR23B,4548
101,JOHNSTON - PR27A,2575
101,JOHNSTON - PR27B,3631
101,JOHNSTON - PR29A,6555
101,JOHNSTON - PR29B,13380
101,JOHNSTON - PR31A,3391
101,JOHNSTON - PR31B,7194
115,MADISON - EBBS C,1160
115,MADISON - GRAPEV,1182
115,MADISON - HOT SP,1145
115,MADISON - LAUREL,840
115,MADISON - MARS H,4657
115,MADISON - REVERE,270
115,MADISON - SPRING,532
115,MADISON - WALNUT,1602
111,MCDOWELL - MAR 1,3476
111,MCDOWELL - MAR 2,1316
111,MCDOWELL - MAR 3,1117
111,MCDOWELL - MAR 4,1646
111,MCDOWELL - MAR 5,1283
123,MONTGOMERY - BIS,1834
123,MONTGOMERY - CAN,1540
123,MONTGOMERY - CHE,821
123,MONTGOMERY - ELD,2333
123,MONTGOMERY - LIT,632
123,MONTGOMERY - MTG,1624
123,MONTGOMERY - OPH,522
123,MONTGOMERY - PEE,1261
123,MONTGOMERY - ROC,733
123,MONTGOMERY - STA,1807
123,MONTGOMERY - UWH,1680
123,MONTGOMERY - WAD,400
129,NEW HANOVER - WB,2394
139,PASQUOTANK - NEW,1842
139,PASQUOTANK - NIX,4317
139,PASQUOTANK - PRO,6623
139,PASQUOTANK - SAL,1205
161,RUTHERFORD - 03A,2086
161,RUTHERFORD - 04A,2806
161,RUTHERFORD - 05A,2997
161,RUTHERFORD - 06A,2674
161,RUTHERFORD - 09A,3658
161,RUTHERFORD - 10A,1279
161,RUTHERFORD - 16A,3255
165,SCOTLAND - 01-16,4786
165,SCOTLAND - 02-25,3588
165,SCOTLAND - 05-10,2111
165,SCOTLAND - 06-89,3874
045,CLEVELAND - CASAR,1326
045,CLEVELAND - MULLS,2234
045,CLEVELAND - RIPPY,4052
051,CUMBERLAND - AH49,3824
051,CUMBERLAND - CC01,2779
051,CUMBERLAND - CC03,2430
051,CUMBERLAND - CC04,1287
051,CUMBERLAND - CC06,1262
051,CUMBERLAND - CC07,1129
051,CUMBERLAND - CC08,1199
051,CUMBERLAND - CC10,1113
051,CUMBERLAND - CC12,1655
051,CUMBERLAND - CC13,2686
051,CUMBERLAND - CC14,3023
051,CUMBERLAND - CC15,2699
051,CUMBERLAND - CC16,1712
051,CUMBERLAND - CC17,2299
051,CUMBERLAND - CC18,1775
051,CUMBERLAND - CC21,4265
051,CUMBERLAND - CC24,2098
051,CUMBERLAND - CC25,1852
051,CUMBERLAND - CC26,4245
051,CUMBERLAND - CC27,5404
051,CUMBERLAND - CC29,3019
051,CUMBERLAND - CC31,2404
051,CUMBERLAND - CC32,1919
051,CUMBERLAND - CC33,2702
051,CUMBERLAND - CC34,2009
051,CUMBERLAND - CU02,2101
051,CUMBERLAND - EO01,3352
051,CUMBERLAND - EO02,2248
051,CUMBERLAND - G10A,4882
051,CUMBERLAND - G10B,2897
051,CUMBERLAND - G10C,4254
051,CUMBERLAND - G11B,20183
051,CUMBERLAND - LI65,3862
051,CUMBERLAND - LR63,5107
051,CUMBERLAND - MB62,3653
051,CUMBERLAND - MR02,3948
051,CUMBERLAND - SH77,2685
081,GUILFORD - NCLAY1,2323
081,GUILFORD - NCLAY2,1365
111,MCDOWELL - CCREEK,2066
111,MCDOWELL - DYSART,3090
111,MCDOWELL - FORT 1,1276
111,MCDOWELL - FORT 2,2234
111,MCDOWELL - GLENWD,2120
111,MCDOWELL - HIGGIN,2956
111,MCDOWELL - M.COVE,1716
111,MCDOWELL - N.COVE,921
111,MCDOWELL - PLEASA,2327
111,MCDOWELL - T.COVE,1150
111,MCDOWELL - WEST M,3834
119,MECKLENBURG - 001,1622
119,MECKLENBURG - 002,3704
119,MECKLENBURG - 003,2632
119,MECKLENBURG - 004,2437
119,MECKLENBURG - 005,2094
119,MECKLENBURG - 006,2582
119,MECKLENBURG - 007,2308
119,MECKLENBURG - 008,3098
119,MECKLENBURG - 009,5483
119,MECKLENBURG - 010,2685
119,MECKLENBURG - 011,11894
119,MECKLENBURG - 012,3248
119,MECKLENBURG - 013,6639
119,MECKLENBURG - 014,4750
119,MECKLENBURG - 015,4543
119,MECKLENBURG - 016,2973
119,MECKLENBURG - 017,2479
119,MECKLENBURG - 018,1626
119,MECKLENBURG - 019,1486
119,MECKLENBURG - 020,2208
119,MECKLENBURG - 021,2405
119,MECKLENBURG - 022,11464
119,MECKLENBURG - 023,2350
119,MECKLENBURG - 024,2619
119,MECKLENBURG - 025,2191
119,MECKLENBURG - 026,3431
119,MECKLENBURG - 027,3218
119,MECKLENBURG - 028,2539
119,MECKLENBURG - 029,2498
119,MECKLENBURG - 030,4122
119,MECKLENBURG - 031,3074
119,MECKLENBURG - 032,1645
119,MECKLENBURG - 033,2059
119,MECKLENBURG - 034,3320
119,MECKLENBURG - 035,1934
119,MECKLENBURG - 036,3132
119,MECKLENBURG - 037,2152
119,MECKLENBURG - 038,2950
119,MECKLENBURG - 039,3004
119,MECKLENBURG - 040,2872
119,MECKLENBURG - 041,3447
119,MECKLENBURG - 042,2211
119,MECKLENBURG - 043,3137
119,MECKLENBURG - 044,1759
119,MECKLENBURG - 045,2147
119,MECKLENBURG - 046,3342
119,MECKLENBURG - 047,2978
119,MECKLENBURG - 048,1668
119,MECKLENBURG - 049,3248
119,MECKLENBURG - 050,1899
119,MECKLENBURG - 051,2963
119,MECKLENBURG - 052,3563
119,MECKLENBURG - 053,4595
119,MECKLENBURG - 054,3739
119,MECKLENBURG - 055,1595
119,MECKLENBURG - 056,1937
119,MECKLENBURG - 057,2470
119,MECKLENBURG - 058,2425
119,MECKLENBURG - 059,1531
119,MECKLENBURG - 060,1712
119,MECKLENBURG - 061,2911
119,MECKLENBURG - 062,2412
119,MECKLENBURG - 063,2632
119,MECKLENBURG - 064,1479
119,MECKLENBURG - 065,1291
119,MECKLENBURG - 066,1476
119,MECKLENBURG - 067,1844
119,MECKLENBURG - 068,1307
119,MECKLENBURG - 069,3708
119,MECKLENBURG - 070,1493
119,MECKLENBURG - 071,2172
119,MECKLENBURG - 072,1565
119,MECKLENBURG - 073,2053
119,MECKLENBURG - 074,3452
119,MECKLENBURG - 075,3486
119,MECKLENBURG - 076,2905
119,MECKLENBURG - 077,2950
119,MECKLENBURG - 079,2844
119,MECKLENBURG - 080,4613
119,MECKLENBURG - 081,6370
119,MECKLENBURG - 082,4327
119,MECKLENBURG - 083,3568
119,MECKLENBURG - 084,2399
119,MECKLENBURG - 085,2454
119,MECKLENBURG - 086,2059
119,MECKLENBURG - 087,2918
119,MECKLENBURG - 088,2778
119,MECKLENBURG - 089,7045
119,MECKLENBURG - 090,1728
119,MECKLENBURG - 091,4204
119,MECKLENBURG - 092,2837
119,MECKLENBURG - 093,1665
119,MECKLENBURG - 094,1914
119,MECKLENBURG - 095,2399
119,MECKLENBURG - 096,2128
119,MECKLENBURG - 097,1418
119,MECKLENBURG - 098,3609
119,MECKLENBURG - 099,3178
119,MECKLENBURG - 100,2833
119,MECKLENBURG - 101,2831
119,MECKLENBURG - 102,5323
119,MECKLENBURG - 103,3586
119,MECKLENBURG - 104,3353
119,MECKLENBURG - 105,5279
119,MECKLENBURG - 106,1911
119,MECKLENBURG - 108,2577
119,MECKLENBURG - 109,2984
119,MECKLENBURG - 110,1253
119,MECKLENBURG - 111,2947
119,MECKLENBURG - 112,2232
119,MECKLENBURG - 113,3748
119,MECKLENBURG - 114,2949
119,MECKLENBURG - 115,2604
119,MECKLENBURG - 116,2242
119,MECKLENBURG - 117,2475
119,MECKLENBURG - 118,2794
119,MECKLENBURG - 119,1988
119,MECKLENBURG - 120,2564
119,MECKLENBURG - 121,3678
119,MECKLENBURG - 122,6216
119,MECKLENBURG - 123,2483
119,MECKLENBURG - 124,2912
119,MECKLENBURG - 125,1543
119,MECKLENBURG - 126,4724
119,MECKLENBURG - 127,5545
119,MECKLENBURG - 128,3459
119,MECKLENBURG - 129,1545
119,MECKLENBURG - 130,2144
119,MECKLENBURG - 131,1454
119,MECKLENBURG - 132,2710
119,MECKLENBURG - 133,5294
119,MECKLENBURG - 134,8448
119,MECKLENBURG - 135,8199
119,MECKLENBURG - 136,2658
119,MECKLENBURG - 137,6099
119,MECKLENBURG - 138,6588
119,MECKLENBURG - 140,5351
119,MECKLENBURG - 141,8157
119,MECKLENBURG - 142,7294
119,MECKLENBURG - 143,6392
119,MECKLENBURG - 144,3626
119,MECKLENBURG - 145,10429
119,MECKLENBURG - 146,5849
119,MECKLENBURG - 147,4797
119,MECKLENBURG - 148,10663
119,MECKLENBURG - 149,6331
119,MECKLENBURG - 150,4198
119,MECKLENBURG - 151,5339
119,MECKLENBURG - 200,2659
119,MECKLENBURG - 201,9227
119,MECKLENBURG - 202,9470
119,MECKLENBURG - 203,8939
119,MECKLENBURG - 205,4308
119,MECKLENBURG - 206,7189
119,MECKLENBURG - 207,6399
119,MECKLENBURG - 208,4733
119,MECKLENBURG - 209,4986
119,MECKLENBURG - 210,6100
119,MECKLENBURG - 211,11921
119,MECKLENBURG - 212,16496
119,MECKLENBURG - 213,5755
119,MECKLENBURG - 214,3735
119,MECKLENBURG - 215,3836
119,MECKLENBURG - 216,6060
119,MECKLENBURG - 217,3124
119,MECKLENBURG - 218,2517
119,MECKLENBURG - 219,2936
119,MECKLENBURG - 220,3561
119,MECKLENBURG - 221,4490
119,MECKLENBURG - 222,7116
119,MECKLENBURG - 224,3535
119,MECKLENBURG - 225,3205
119,MECKLENBURG - 226,3823
119,MECKLENBURG - 227,7356
119,MECKLENBURG - 228,5730
119,MECKLENBURG - 229,14631
119,MECKLENBURG - 230,10649
119,MECKLENBURG - 231,4713
119,MECKLENBURG - 232,4974
119,MECKLENBURG - 233,4486
119,MECKLENBURG - 234,3801
119,MECKLENBURG - 235,3639
119,MECKLENBURG - 236,6244
119,MECKLENBURG - 237,5393
119,MECKLENBURG - 239,3683
119,MECKLENBURG - 240,6936
119,MECKLENBURG - 241,8887
119,MECKLENBURG - 242,3527
119,MECKLENBURG - 243,12362
129,NEW HANOVER - H01,1585
129,NEW HANOVER - H02,3850
129,NEW HANOVER - H04,4587
129,NEW HANOVER - H05,4733
129,NEW HANOVER - H06,3943
129,NEW HANOVER - H08,6441
129,NEW HANOVER - H10,4495
129,NEW HANOVER - H11,7694
129,NEW HANOVER - H12,2759
129,NEW HANOVER - H13,4934
129,NEW HANOVER - M02,6122
129,NEW HANOVER - M03,6324
129,NEW HANOVER - M04,7033
129,NEW HANOVER - M06,2793
129,NEW HANOVER - M07,2112
129,NEW HANOVER - W03,2610
129,NEW HANOVER - W08,2275
129,NEW HANOVER - W12,2018
129,NEW HANOVER - W15,6809
129,NEW HANOVER - W16,3235
129,NEW HANOVER - W17,2395
129,NEW HANOVER - W21,5686
129,NEW HANOVER - W25,4413
129,NEW HANOVER - W26,3222
129,NEW HANOVER - W27,4250
129,NEW HANOVER - W29,3326
129,NEW HANOVER - W30,5966
129,NEW HANOVER - W31,4153
129,NEW HANOVER - W33,5362
129,NEW HANOVER - W34,10588
129,NEW HANOVER - W35,7065
139,PASQUOTANK - EAST,3594
139,PASQUOTANK - WEST,3582
157,ROCKINGHAM - HO-1,3122
157,ROCKINGHAM - HU-1,4829
157,ROCKINGHAM - LI-1,4404
157,ROCKINGHAM - RE-1,7351
157,ROCKINGHAM - RE-2,5963
157,ROCKINGHAM - WS-1,6998
175,TRANSYLVANIA - B1,2227
175,TRANSYLVANIA - B2,1874
175,TRANSYLVANIA - B3,2168
175,TRANSYLVANIA - B4,2007
175,TRANSYLVANIA - BD,2478
175,TRANSYLVANIA - CM,756
175,TRANSYLVANIA - DR,3015
175,TRANSYLVANIA - EF,925
175,TRANSYLVANIA - LR,1815
175,TRANSYLVANIA - PF,1358
175,TRANSYLVANIA - WC,1761
003,ALEXANDER - T1T4T5,5935
045,CLEVELAND - BETHWR,1877
045,CLEVELAND - FALSTN,2367
045,CLEVELAND - GROVER,4488
045,CLEVELAND - KINGST,1001
045,CLEVELAND - LAWNDL,1426
045,CLEVELAND - MRB-YO,1554
045,CLEVELAND - OAKGRV,4277
045,CLEVELAND - POLKVL,2517
045,CLEVELAND - SHANGI,3045
051,CUMBERLAND - CC22A,6078
051,CUMBERLAND - CC519,2658
051,CUMBERLAND - G2C-1,2836
051,CUMBERLAND - G2E-1,2640
051,CUMBERLAND - G2E-2,3368
051,CUMBERLAND - G3A-1,4545
051,CUMBERLAND - G5A-1,2654
051,CUMBERLAND - G5A-2,2554
051,CUMBERLAND - G5B-1,3271
051,CUMBERLAND - G5B-2,2518
051,CUMBERLAND - G9A-3,3039
051,CUMBERLAND - G9B-1,5020
051,CUMBERLAND - G9B-2,4805
051,CUMBERLAND - LO66A,4347
129,NEW HANOVER - CF01,4702
129,NEW HANOVER - CF02,3581
129,NEW HANOVER - CF05,4143
129,NEW HANOVER - CF06,3817
129,NEW HANOVER - FP03,2206
129,NEW HANOVER - FP04,6542
129,NEW HANOVER - FP06,3713
129,NEW HANOVER - FP07,5860
129,NEW HANOVER - FP08,5781
131,NORTHAMPTON - GAPL,1484
131,NORTHAMPTON - JARE,1168
131,NORTHAMPTON - WOPO,915
139,PASQUOTANK - NORTH,2724
139,PASQUOTANK - SOUTH,3200
175,TRANSYLVANIA - TC1,749
175,TRANSYLVANIA - TC7,1884
051,CUMBERLAND - AL51-1,1446
051,CUMBERLAND - AL51-2,2342
051,CUMBERLAND - AL51-3,1839
051,CUMBERLAND - CC23-2,3119
051,CUMBERLAND - CL57-1,4265
051,CUMBERLAND - CL57-2,2863
051,CUMBERLAND - G3A-2C,3610
051,CUMBERLAND - SL78-3,6816
119,MECKLENBURG - 078.1,3863
119,MECKLENBURG - 107.1,3913
119,MECKLENBURG - 139.1,3333
119,MECKLENBURG - 204.1,6416
119,MECKLENBURG - 223.1,8614
119,MECKLENBURG - 238.1,2979
143,PERQUIMANS - BELVID,670
143,PERQUIMANS - BETHEL,3149
143,PERQUIMANS - EAST H,879
143,PERQUIMANS - NEW HO,2507
143,PERQUIMANS - NICANO,231
143,PERQUIMANS - PARKVI,2262
143,PERQUIMANS - WEST H,1052
175,TRANSYLVANIA - CC.1,2434
175,TRANSYLVANIA - RE.1,2285
131,NORTHAMPTON - COMIPE,1154
131,NORTHAMPTON - CREEKS,578
131,NORTHAMPTON - GALATI,645
131,NORTHAMPTON - GASTON,2427
131,NORTHAMPTON - LAKE G,1805
131,NORTHAMPTON - LASKER,192
131,NORTHAMPTON - NEWTOW,534
131,NORTHAMPTON - RICH S,1454
131,NORTHAMPTON - SEABOA,1097
131,NORTHAMPTON - SEVERN,382
